name,link,author,title,review_body,rating,average_rating,source,source_url,uniq_id,scraped_at
"SEKTION / MAXIMERA Base cabinet w/3 fronts & 4 drawers - white/Bodarp gray-green 15x24x30 """,https://www.ikea.com/us/en/p/sektion-maximera-base-cabinet-w-3-fronts-4-drawers-white-bodarp-gray-green-s99318863/,mary b.,Ikea not what it use to be,"This review is for the Sektion 3 fronts/4 drawers. 
Like other reviews I agree the directions are not correct for where to place the drawer hardware on the frame. If it helps this is what I did.
Starting from the bottom
Drawer #1 row 2 on frame, hardware use bottom middle hole (of the 6 grid) I believe this is actually correct in the instructions
Drawer #2 row 10 on frame top middle hole (of the 6 grid) (Instructions say row 9)
Drawer #3 row 18 on frame top middle hole (of the 6 grid) (Instructions say row 17)
Drawer #4 row 22 on frame top middle hole (of the 6 grid) (Instructions say row 21)

The inside drawer is flexible you could raise or lower the row you put it on. As I have above gives 3.75 inches clearance for each drawer. 

Hopes this helps.

Regarding the quality, AKURUM system Ikea used to have the downgrade in quality is obvious; fronts are cheaper the metal support strip looks terrible if eye level with drawer and the toekick just cheap - terrible",3,4.1,IKEA,ikea.com,6f368bc0-b51c-5f4e-bbd2-d5d1cca61274,07/16/22
"SEKTION / MAXIMERA Base cabinet w/3 fronts & 4 drawers - white/Bodarp gray-green 15x24x30 """,https://www.ikea.com/us/en/p/sektion-maximera-base-cabinet-w-3-fronts-4-drawers-white-bodarp-gray-green-s99318863/,Kathleen,looks great,looks great,5,4.1,IKEA,ikea.com,6f368bc0-b51c-5f4e-bbd2-d5d1cca61274,07/16/22
"SEKTION / MAXIMERA Base cabinet w/3 fronts & 4 drawers - white/Bodarp gray-green 15x24x30 """,https://www.ikea.com/us/en/p/sektion-maximera-base-cabinet-w-3-fronts-4-drawers-white-bodarp-gray-green-s99318863/,nanette,I did not buy anything,I did not buy anything I have been trying for 5 months to get the remainder of my cabinets. Your statement says because of covid there is delay getting kitchen cabinets however there is nothing stating how you are going to correct the problem.,1,4.1,IKEA,ikea.com,6f368bc0-b51c-5f4e-bbd2-d5d1cca61274,07/16/22
"SEKTION / MAXIMERA Base cabinet w/3 fronts & 4 drawers - white/Bodarp gray-green 15x24x30 """,https://www.ikea.com/us/en/p/sektion-maximera-base-cabinet-w-3-fronts-4-drawers-white-bodarp-gray-green-s99318863/,PAUL,Extensive renavation,Extensive renavation,5,4.1,IKEA,ikea.com,6f368bc0-b51c-5f4e-bbd2-d5d1cca61274,07/16/22
"SEKTION / MAXIMERA Base cabinet w/3 fronts & 4 drawers - white/Bodarp gray-green 15x24x30 """,https://www.ikea.com/us/en/p/sektion-maximera-base-cabinet-w-3-fronts-4-drawers-white-bodarp-gray-green-s99318863/,Holly,"Good, could be better","These cabinets/drawers system are great... however, the darker cabinets really need edge banding in the same color as the drawer fronts available. Although the gap is only 1/8th inch the bright white box frame shows.",3,4.1,IKEA,ikea.com,6f368bc0-b51c-5f4e-bbd2-d5d1cca61274,07/16/22
"SEKTION / MAXIMERA Base cabinet w/3 fronts & 4 drawers - white/Bodarp gray-green 15x24x30 """,https://www.ikea.com/us/en/p/sektion-maximera-base-cabinet-w-3-fronts-4-drawers-white-bodarp-gray-green-s99318863/,EMILY,Great but Instructions are WRONG,"I spent a weekend building all the cabinets for my new kitchen (total of 12) and this is the only one that had me wanting to smash it to bits with my hammer. The drawer instructions are straight up incorrect. In order to get all three front-facing drawers to close, you have to install some of the drawer faces upside down, change the hole heights, and just trial and error for literally hours. 

Some of the other reviews on here are helpful, but the best piece of advice I have is to not assemble any of the drawers fully until you've put them all in and are sure they fit. So only do the bare minimum to test. Save yourself having to undo and redo a lot of work screwing in the bottom, etc. There are also helpful youtube videos for how to remove the drawer fronts using a screw driver - very easy if you actually see how the mechanism works. Ikea just needs to provide specialized instructions for both the interior drawer and how to get all three panels to fit for this specific cabinet.",4,4.1,IKEA,ikea.com,6f368bc0-b51c-5f4e-bbd2-d5d1cca61274,07/16/22
"SEKTION / MAXIMERA Base cabinet w/3 fronts & 4 drawers - white/Bodarp gray-green 15x24x30 """,https://www.ikea.com/us/en/p/sektion-maximera-base-cabinet-w-3-fronts-4-drawers-white-bodarp-gray-green-s99318863/,DontWasteYourMoneyHere,Awwwwful,Just moved into a new home that had Ikea kitchen cabinets installed along with the remodeling of the kitchen. We've been here 6 months and they're falling apart. Absolutely ridiculous. Look elsewhere.,1,4.1,IKEA,ikea.com,6f368bc0-b51c-5f4e-bbd2-d5d1cca61274,07/16/22
"SEKTION / MAXIMERA Base cabinet w/3 fronts & 4 drawers - white/Bodarp gray-green 15x24x30 """,https://www.ikea.com/us/en/p/sektion-maximera-base-cabinet-w-3-fronts-4-drawers-white-bodarp-gray-green-s99318863/,DianeW,Great Drawer Cabinet Value,"This is a good-looking, strong, well-designed cabinet, an incredible value. A little tricky to put together but nice results, All drawers are straight, soft close! nice spacing, looks beautiful in my wet bar/kitchenette.",5,4.1,IKEA,ikea.com,6f368bc0-b51c-5f4e-bbd2-d5d1cca61274,07/16/22
"SEKTION / MAXIMERA Base cabinet w/3 fronts & 4 drawers - white/Bodarp gray-green 15x24x30 """,https://www.ikea.com/us/en/p/sektion-maximera-base-cabinet-w-3-fronts-4-drawers-white-bodarp-gray-green-s99318863/,ogd58,Must check all before deliver to your destination!,"I bought this Kitchen for export. When I receive all the pieces, two of them are perfectly packing but are remanufactured, shorter and open new holes in this. the two (2) pieces are RINGHULT 302.666.92",4,4.1,IKEA,ikea.com,6f368bc0-b51c-5f4e-bbd2-d5d1cca61274,07/16/22
"SEKTION / MAXIMERA Base cabinet w/3 fronts & 4 drawers - white/Bodarp gray-green 15x24x30 """,https://www.ikea.com/us/en/p/sektion-maximera-base-cabinet-w-3-fronts-4-drawers-white-bodarp-gray-green-s99318863/,Tamara handywoman7,Kitchen remodel,"Love ‚ù§Ô∏è my new kitchen, highly recommend to anyone to use IKEA cabinets easy to install and put together",5,4.1,IKEA,ikea.com,6f368bc0-b51c-5f4e-bbd2-d5d1cca61274,07/16/22
"SEKTION / MAXIMERA Base cabinet w/3 fronts & 4 drawers - white/Bodarp gray-green 15x24x30 """,https://www.ikea.com/us/en/p/sektion-maximera-base-cabinet-w-3-fronts-4-drawers-white-bodarp-gray-green-s99318863/,stuberry26,Love IKEA Cabinets!,IKEA Kitchen helpers installed these cabinets in our newly remodeled kitchen last month. I am loving them. They glide open close so softly. I especially like the double drawer feature that allows me to store more of my knick knack kinds of items. Everything has a place now.,5,4.1,IKEA,ikea.com,6f368bc0-b51c-5f4e-bbd2-d5d1cca61274,07/16/22
"SEKTION / MAXIMERA Base cabinet w/3 fronts & 4 drawers - white/Bodarp gray-green 15x24x30 """,https://www.ikea.com/us/en/p/sektion-maximera-base-cabinet-w-3-fronts-4-drawers-white-bodarp-gray-green-s99318863/,LouLou 1200,Love the hidden drawer. Added dividers to store he,Love the hidden drawer. Added dividers to store herbs and spices next to my stove.,5,4.1,IKEA,ikea.com,6f368bc0-b51c-5f4e-bbd2-d5d1cca61274,07/16/22
"SEKTION / MAXIMERA Base cabinet w/3 fronts & 4 drawers - white/Bodarp gray-green 15x24x30 """,https://www.ikea.com/us/en/p/sektion-maximera-base-cabinet-w-3-fronts-4-drawers-white-bodarp-gray-green-s99318863/,MommaCondosta,"Classic design, clean look.",Used this as a center island-love the slow close drawers and storage.,5,4.1,IKEA,ikea.com,6f368bc0-b51c-5f4e-bbd2-d5d1cca61274,07/16/22
"SEKTION / MAXIMERA Base cabinet w/3 fronts & 4 drawers - white/Bodarp gray-green 15x24x30 """,https://www.ikea.com/us/en/p/sektion-maximera-base-cabinet-w-3-fronts-4-drawers-white-bodarp-gray-green-s99318863/,KateRS,Great space!,I have purchased this cabinet for two different kitchen remodels. The grey looks fantastic and the three drawers are incredibly functional. There is so much space in this one cabinet!,5,4.1,IKEA,ikea.com,6f368bc0-b51c-5f4e-bbd2-d5d1cca61274,07/16/22
"SEKTION / MAXIMERA Base cabinet w/3 fronts & 4 drawers - white/Bodarp gray-green 15x24x30 """,https://www.ikea.com/us/en/p/sektion-maximera-base-cabinet-w-3-fronts-4-drawers-white-bodarp-gray-green-s99318863/,Ronna422,Gorgeous Kitchen!!!,"We recently updated our kitchen with the Sektion shaker style cabinets. Easy to assemble, easy to install and the kitchen looks AMAZING!!!! Great cabinets! Ingenious features. Love it!",5,4.1,IKEA,ikea.com,6f368bc0-b51c-5f4e-bbd2-d5d1cca61274,07/16/22
"SEKTION / MAXIMERA Base cabinet w/3 fronts & 4 drawers - white/Bodarp gray-green 15x24x30 """,https://www.ikea.com/us/en/p/sektion-maximera-base-cabinet-w-3-fronts-4-drawers-white-bodarp-gray-green-s99318863/,CarlJane,Like it,"Bought several for new house, looks good, works good.",4,4.1,IKEA,ikea.com,6f368bc0-b51c-5f4e-bbd2-d5d1cca61274,07/16/22
"SEKTION / MAXIMERA Base cabinet w/3 fronts & 4 drawers - white/Bodarp gray-green 15x24x30 """,https://www.ikea.com/us/en/p/sektion-maximera-base-cabinet-w-3-fronts-4-drawers-white-bodarp-gray-green-s99318863/,Tehseen,Bought it for Induction Cooktop,"Front and Back metal re-enforcements introduced in SEKTION cabinets are a very good addition. Especially when your countertop seam happens to fall in the middle of the cabinet. Best part of the top drawer. It lets you use the dead space immediately below the cooktop. Mine is induction, so no heat issues, But I am not sure if the top drawer is too close for a gas or electric coil cooktops. Drawer fronts are very expensive in my opinion. They are painted Particle Board panels with plastic edging. I shall see how they hold after a liquid spillage. My bathroom cabinets drawer fronts bubbled at the bottom when water droplets gathered there. The newer version looks much better. But this time I am saving the receipts in case bubbling happens again.",5,4.1,IKEA,ikea.com,6f368bc0-b51c-5f4e-bbd2-d5d1cca61274,07/16/22
"SEKTION / MAXIMERA Base cabinet w/3 fronts & 4 drawers - white/Bodarp gray-green 15x24x30 """,https://www.ikea.com/us/en/p/sektion-maximera-base-cabinet-w-3-fronts-4-drawers-white-bodarp-gray-green-s99318863/,Janjohn64,Great cabinet,We have had this installed for approximately 2 months now. No complaints at all. Everyone who has seen our new kitchen loves everything we have completed. We have so much more drawer and counter space than before. We all love the drawer in a drawer.,5,4.1,IKEA,ikea.com,6f368bc0-b51c-5f4e-bbd2-d5d1cca61274,07/16/22
"SEKTION / MAXIMERA Base cabinet w/3 fronts & 4 drawers - white/Bodarp gray-green 15x24x30 """,https://www.ikea.com/us/en/p/sektion-maximera-base-cabinet-w-3-fronts-4-drawers-white-bodarp-gray-green-s99318863/,Janjohn64,Great cabinet,We have had these installed for about two month now. We are very happy so far. Pretty easy assembly and install. Wipe down nicely after dirty grandchild fingers.,5,4.1,IKEA,ikea.com,6f368bc0-b51c-5f4e-bbd2-d5d1cca61274,07/16/22
"SEKTION / MAXIMERA Base cabinet w/3 fronts & 4 drawers - white/Bodarp gray-green 15x24x30 """,https://www.ikea.com/us/en/p/sektion-maximera-base-cabinet-w-3-fronts-4-drawers-white-bodarp-gray-green-s99318863/,Katie86,Ok final result but impossible assembly,"Assembling this version of the Sektion, with 4 drawers and 3 fronts, is nearly impossible to do. The instructions available in the packaging and online are not specific to this model, and therefore requires a lot of improvisation and guesswork. Further, the drawer fronts are mislabeled, which leads to rework, disassembly and reassembly. The final product is fine, but it took us, 2 people, about 8 hours to figure this out.",2,4.1,IKEA,ikea.com,6f368bc0-b51c-5f4e-bbd2-d5d1cca61274,07/16/22
RYET LED bulb E12 200 lumen - chandelier opal,https://www.ikea.com/us/en/p/ryet-led-bulb-e12-200-lumen-chandelier-opal-00432419/,Beatriz T.,It works,Good light,5,4.2,IKEA,ikea.com,fe973444-c69b-52f0-a4dc-b378e69f2680,07/16/22
RYET LED bulb E12 200 lumen - chandelier opal,https://www.ikea.com/us/en/p/ryet-led-bulb-e12-200-lumen-chandelier-opal-00432419/,Haydiee,Great product for my ceiling fan light.,It is a nice bright bulb for my dining area ceiling fan.,4,4.2,IKEA,ikea.com,fe973444-c69b-52f0-a4dc-b378e69f2680,07/16/22
RYET LED bulb E12 200 lumen - chandelier opal,https://www.ikea.com/us/en/p/ryet-led-bulb-e12-200-lumen-chandelier-opal-00432419/,ADRINEH,Save energy,Save energy,5,4.2,IKEA,ikea.com,fe973444-c69b-52f0-a4dc-b378e69f2680,07/16/22
RYET LED bulb E12 200 lumen - chandelier opal,https://www.ikea.com/us/en/p/ryet-led-bulb-e12-200-lumen-chandelier-opal-00432419/,Norma S.,took a while to put,took a while to put together,4,4.2,IKEA,ikea.com,fe973444-c69b-52f0-a4dc-b378e69f2680,07/16/22
RYET LED bulb E12 200 lumen - chandelier opal,https://www.ikea.com/us/en/p/ryet-led-bulb-e12-200-lumen-chandelier-opal-00432419/,ALLISON,Light bulbs,"Bought these to replace the bulbs in my floor lamp. The exact bulb currently in my lamp was not available, but they still sell the lamp so I looked at the bulb in the floor model and bought those. 
They are much dimmer than the original bulbs in the lamps I bought. It was not possible (for me anyway) to distinguish this from the store display. Since the lamps are used for reading lights in the living room it wasn't what I needed/wanted as it is too dim.",3,4.2,IKEA,ikea.com,fe973444-c69b-52f0-a4dc-b378e69f2680,07/16/22
IDAN√ÑS Bed frame - dark brown/Lur√∂y Twin,https://www.ikea.com/us/en/p/idanaes-bed-frame-dark-brown-luroey-s99386569/,MICHELLE,Love the bed,Love the bed,5,5,IKEA,ikea.com,41d67a8e-d41f-5bbe-b320-f9af97908d3e,07/16/22
IDAN√ÑS Bed frame - dark brown/Lur√∂y Twin,https://www.ikea.com/us/en/p/idanaes-bed-frame-dark-brown-luroey-s99386569/,DORIS,Love it!,Love it and it‚Äôs very sturdy. Many put down IKEA furniture. All the things I have purchased have been great and long lasting. I think those who rate it poorly is due to their own deficiency in assembling the product.,5,5,IKEA,ikea.com,41d67a8e-d41f-5bbe-b320-f9af97908d3e,07/16/22
IDAN√ÑS Bed frame - dark brown/Lur√∂y Twin,https://www.ikea.com/us/en/p/idanaes-bed-frame-dark-brown-luroey-s99386569/,ROBIN,Great Bed,We needed beds for out guest room. We decided to get these. The bed frames look very nice and great quality. It was a little difficult to put together as some of the holes weren't lining up. But we finally did get it together. I had two grown adults stay on the beds for more than a few days and they said it was very comfortable as they are sleeping on the Ikea Haugesund mattress. It complements our room very well.,5,5,IKEA,ikea.com,41d67a8e-d41f-5bbe-b320-f9af97908d3e,07/16/22
IDAN√ÑS Bed frame - dark brown/Lur√∂y Twin,https://www.ikea.com/us/en/p/idanaes-bed-frame-dark-brown-luroey-s99386569/,NOTSET,Sweet little bed,Bought this with the chest of drawers and it looks so good in the room. Nicely made and is very sturdy.,5,5,IKEA,ikea.com,41d67a8e-d41f-5bbe-b320-f9af97908d3e,07/16/22
"BEST√Ö TV unit with drawers and door - white/Laxviken white 70 7/8x16 1/2x15 3/8 """,https://www.ikea.com/us/en/p/besta-tv-unit-with-drawers-and-door-white-laxviken-white-s89421506/,JOHN,Does the job at a reasonable price,"Not too difficult to assemble, and looks good in the finish that we selected. Our 75-inch TV fits on it nicely, and the unit supports it without any sagging.",5,4.6,IKEA,ikea.com,0eec23e2-5a60-5744-b9ff-65e3882a8b3f,07/16/22
"BEST√Ö TV unit with drawers and door - white/Laxviken white 70 7/8x16 1/2x15 3/8 """,https://www.ikea.com/us/en/p/besta-tv-unit-with-drawers-and-door-white-laxviken-white-s89421506/,Robert S.,"Love it, but you do not need the suspension mount","Beautiful unit, especially wall mounted. Would buy again. Purchased the Besta wall suspension rail and did not need it. However the holes on the back do not match up with all wall framing studs. Would rate higher, but $150 to ship it.",4,4.6,IKEA,ikea.com,0eec23e2-5a60-5744-b9ff-65e3882a8b3f,07/16/22
"BEST√Ö TV unit with drawers and door - white/Laxviken white 70 7/8x16 1/2x15 3/8 """,https://www.ikea.com/us/en/p/besta-tv-unit-with-drawers-and-door-white-laxviken-white-s89421506/,Guilherme,Excellent,Excellent,5,4.6,IKEA,ikea.com,0eec23e2-5a60-5744-b9ff-65e3882a8b3f,07/16/22
"BEST√Ö TV unit with drawers and door - white/Laxviken white 70 7/8x16 1/2x15 3/8 """,https://www.ikea.com/us/en/p/besta-tv-unit-with-drawers-and-door-white-laxviken-white-s89421506/,Nancy C.,I wanted to like it but‚Ä¶.,"I wanted to like this Besta but I can‚Äôt say I do. The instructions provided were not intuitive and I was missing the hinges to install the middle door. But everything has become so messed up at this point I‚Äôm not bothering to go back to store to pick up the missing parts. I ordered the besta with the soft closing drawers but they just don‚Äôt work with the shelves I installed in the basic Besta unit. I have no idea why. Now I have a middle door and two drawers and two runners I can‚Äôt use. Also, the tiny slab that covers the back would not fit, so now I have a gaping hole in the back too. I bet it would have been cheaper to not order the drawers but I didn‚Äôt know they wouldn‚Äôt be functional. Overall, I can still use my Besta, which is good, but I definitely wasted money and time on something that should have worked but didn‚Äôt. I would only recommend this product if you‚Äôre familiar with building it or you can hire professional help.",3,4.6,IKEA,ikea.com,0eec23e2-5a60-5744-b9ff-65e3882a8b3f,07/16/22
"BEST√Ö TV unit with drawers and door - white/Laxviken white 70 7/8x16 1/2x15 3/8 """,https://www.ikea.com/us/en/p/besta-tv-unit-with-drawers-and-door-white-laxviken-white-s89421506/,Sarah B.,Very Happy with Purchase,"I used Task Rabbit and that was a plus (I've previously put together IKEA products myself). But this is just what I hoped for, for my new TV purchase.",5,4.6,IKEA,ikea.com,0eec23e2-5a60-5744-b9ff-65e3882a8b3f,07/16/22
"BEST√Ö TV unit with drawers and door - white/Laxviken white 70 7/8x16 1/2x15 3/8 """,https://www.ikea.com/us/en/p/besta-tv-unit-with-drawers-and-door-white-laxviken-white-s89421506/,Kennedy,Sturdy quality,Awesome quality piece tv stand,5,4.6,IKEA,ikea.com,0eec23e2-5a60-5744-b9ff-65e3882a8b3f,07/16/22
"BEST√Ö TV unit with drawers and door - white/Laxviken white 70 7/8x16 1/2x15 3/8 """,https://www.ikea.com/us/en/p/besta-tv-unit-with-drawers-and-door-white-laxviken-white-s89421506/,Meidamota31,Happy with my purchase !!,Great price for a awesome item we are really happy with our purchase we recommend it!!,5,4.6,IKEA,ikea.com,0eec23e2-5a60-5744-b9ff-65e3882a8b3f,07/16/22
"BRIMNES Storage combination w/glass doors - black 63x13 3/4x74 3/4 """,https://www.ikea.com/us/en/p/brimnes-storage-combination-w-glass-doors-black-s19278234/,Lucy,Love these cabinets!,"I purchased 2 sets of these cabinets to display my collectibles. I LOVE them! They look exactly how I envisioned, and they were easy to assemble. They definitely elevate the look of my house, and I highly recommend them.",5,4.8,IKEA,ikea.com,a7e3c068-0913-543a-bf40-3fb02cffe37b,07/16/22
"BRIMNES Storage combination w/glass doors - black 63x13 3/4x74 3/4 """,https://www.ikea.com/us/en/p/brimnes-storage-combination-w-glass-doors-black-s19278234/,Linda,Brimnes display shelf,We love this shelf (so much that we got 2). We added some lighting and it‚Äôs perfect.,5,4.8,IKEA,ikea.com,a7e3c068-0913-543a-bf40-3fb02cffe37b,07/16/22
"BRIMNES Storage combination w/glass doors - black 63x13 3/4x74 3/4 """,https://www.ikea.com/us/en/p/brimnes-storage-combination-w-glass-doors-black-s19278234/,Pam,Cabinets,"I love, love these cabinets...",5,4.8,IKEA,ikea.com,a7e3c068-0913-543a-bf40-3fb02cffe37b,07/16/22
"BRIMNES Storage combination w/glass doors - black 63x13 3/4x74 3/4 """,https://www.ikea.com/us/en/p/brimnes-storage-combination-w-glass-doors-black-s19278234/,Sandra,Cabinets with glass doors,"Love these cabinets, perfect for my Coca Cola collection. They look beautiful in the room. The glass shelves enhances the displays and make the area looks uncluttered.",5,4.8,IKEA,ikea.com,a7e3c068-0913-543a-bf40-3fb02cffe37b,07/16/22
"BRIMNES Storage combination w/glass doors - black 63x13 3/4x74 3/4 """,https://www.ikea.com/us/en/p/brimnes-storage-combination-w-glass-doors-black-s19278234/,Mike,Glass bookcase,Great product,5,4.8,IKEA,ikea.com,a7e3c068-0913-543a-bf40-3fb02cffe37b,07/16/22
"BRIMNES Storage combination w/glass doors - black 63x13 3/4x74 3/4 """,https://www.ikea.com/us/en/p/brimnes-storage-combination-w-glass-doors-black-s19278234/,Rede39,Beautiful,"I love the look. My only issue was they did not balance well on carpet, but my friend built a bracket for each bookcase (he used to be a carpenter) to steady it on the floor and then he had to brace them to the wall, but they really are beautiful. It took me years to find what I wanted.",4,4.8,IKEA,ikea.com,a7e3c068-0913-543a-bf40-3fb02cffe37b,07/16/22
"T√ÑRN√ñ Table, outdoor - black/light brown stained 21 5/8x21 1/4 """,https://www.ikea.com/us/en/p/taernoe-table-outdoor-black-light-brown-stained-70095429/,PAMELA,classic piece!,classic piece!,5,4.7,IKEA,ikea.com,6a99f79c-7c60-55bb-a0d3-dbb3521776e1,07/16/22
"T√ÑRN√ñ Table, outdoor - black/light brown stained 21 5/8x21 1/4 """,https://www.ikea.com/us/en/p/taernoe-table-outdoor-black-light-brown-stained-70095429/,Owen,"Works fine, looks good, and","Works fine, looks good, and breaks down for storage. The wood will need more protection for sure.",4,4.7,IKEA,ikea.com,6a99f79c-7c60-55bb-a0d3-dbb3521776e1,07/16/22
"T√ÑRN√ñ Table, outdoor - black/light brown stained 21 5/8x21 1/4 """,https://www.ikea.com/us/en/p/taernoe-table-outdoor-black-light-brown-stained-70095429/,Trung,Material are good Just slat spacing too wide,"The material are good the product photos are misleading. The spacing between the slat are .75 inches. If you have pens, straws, cell phone with a case on.",4,4.7,IKEA,ikea.com,6a99f79c-7c60-55bb-a0d3-dbb3521776e1,07/16/22
"T√ÑRN√ñ Table, outdoor - black/light brown stained 21 5/8x21 1/4 """,https://www.ikea.com/us/en/p/taernoe-table-outdoor-black-light-brown-stained-70095429/,SANDY,Very satisfied with product and,Very satisfied with product and delivery process.,5,4.7,IKEA,ikea.com,6a99f79c-7c60-55bb-a0d3-dbb3521776e1,07/16/22
"T√ÑRN√ñ Table, outdoor - black/light brown stained 21 5/8x21 1/4 """,https://www.ikea.com/us/en/p/taernoe-table-outdoor-black-light-brown-stained-70095429/,ramon,Perfect porch table,"I like this table a lot, since its simply super practical.",5,4.7,IKEA,ikea.com,6a99f79c-7c60-55bb-a0d3-dbb3521776e1,07/16/22
"T√ÑRN√ñ Table, outdoor - black/light brown stained 21 5/8x21 1/4 """,https://www.ikea.com/us/en/p/taernoe-table-outdoor-black-light-brown-stained-70095429/,EVELYN,Outdoor table,Looks great. Super easy to use.,5,4.7,IKEA,ikea.com,6a99f79c-7c60-55bb-a0d3-dbb3521776e1,07/16/22
"T√ÑRN√ñ Table, outdoor - black/light brown stained 21 5/8x21 1/4 """,https://www.ikea.com/us/en/p/taernoe-table-outdoor-black-light-brown-stained-70095429/,MONICA,What we needed,What we needed,5,4.7,IKEA,ikea.com,6a99f79c-7c60-55bb-a0d3-dbb3521776e1,07/16/22
"T√ÑRN√ñ Table, outdoor - black/light brown stained 21 5/8x21 1/4 """,https://www.ikea.com/us/en/p/taernoe-table-outdoor-black-light-brown-stained-70095429/,VERNESSA,Met my immediate needs,Met my immediate needs,5,4.7,IKEA,ikea.com,6a99f79c-7c60-55bb-a0d3-dbb3521776e1,07/16/22
"T√ÑRN√ñ Table, outdoor - black/light brown stained 21 5/8x21 1/4 """,https://www.ikea.com/us/en/p/taernoe-table-outdoor-black-light-brown-stained-70095429/,todd,Nice looking table and chairs,Nice looking table and chairs for a small patio,5,4.7,IKEA,ikea.com,6a99f79c-7c60-55bb-a0d3-dbb3521776e1,07/16/22
"T√ÑRN√ñ Table, outdoor - black/light brown stained 21 5/8x21 1/4 """,https://www.ikea.com/us/en/p/taernoe-table-outdoor-black-light-brown-stained-70095429/,John,Perfect utility table for patio,Perfect utility table for patio,5,4.7,IKEA,ikea.com,6a99f79c-7c60-55bb-a0d3-dbb3521776e1,07/16/22
"T√ÑRN√ñ Table, outdoor - black/light brown stained 21 5/8x21 1/4 """,https://www.ikea.com/us/en/p/taernoe-table-outdoor-black-light-brown-stained-70095429/,JOHN,Great accent for the patio!,"Not only a good price, but well-constructed.",5,4.7,IKEA,ikea.com,6a99f79c-7c60-55bb-a0d3-dbb3521776e1,07/16/22
"T√ÑRN√ñ Table, outdoor - black/light brown stained 21 5/8x21 1/4 """,https://www.ikea.com/us/en/p/taernoe-table-outdoor-black-light-brown-stained-70095429/,Pernilla,So and so...,"It‚Äôs a pretty table. Small and lightweight which is nice. But, the paint on it is off on some places which will give room for rust in the near future. Sad that they can‚Äôt do a better job and a better inspection!",3,4.7,IKEA,ikea.com,6a99f79c-7c60-55bb-a0d3-dbb3521776e1,07/16/22
"T√ÑRN√ñ Table, outdoor - black/light brown stained 21 5/8x21 1/4 """,https://www.ikea.com/us/en/p/taernoe-table-outdoor-black-light-brown-stained-70095429/,ANGIE,Great table!,Great table!,5,4.7,IKEA,ikea.com,6a99f79c-7c60-55bb-a0d3-dbb3521776e1,07/16/22
"T√ÑRN√ñ Table, outdoor - black/light brown stained 21 5/8x21 1/4 """,https://www.ikea.com/us/en/p/taernoe-table-outdoor-black-light-brown-stained-70095429/,OSWALDO,Awesome little table for grilling,"I am surprised by its stability and durability.

Will buy chairs next time.",5,4.7,IKEA,ikea.com,6a99f79c-7c60-55bb-a0d3-dbb3521776e1,07/16/22
"T√ÑRN√ñ Table, outdoor - black/light brown stained 21 5/8x21 1/4 """,https://www.ikea.com/us/en/p/taernoe-table-outdoor-black-light-brown-stained-70095429/,Tracey,One issue,The table is cute. I got it in August but one board has already warped. This table is supposed to be an outside table. I can still use it though.,3,4.7,IKEA,ikea.com,6a99f79c-7c60-55bb-a0d3-dbb3521776e1,07/16/22
"T√ÑRN√ñ Table, outdoor - black/light brown stained 21 5/8x21 1/4 """,https://www.ikea.com/us/en/p/taernoe-table-outdoor-black-light-brown-stained-70095429/,Mark,Very little footroom,There is very little footroom when sitting at this table due to the crossmembers.,3,4.7,IKEA,ikea.com,6a99f79c-7c60-55bb-a0d3-dbb3521776e1,07/16/22
"T√ÑRN√ñ Table, outdoor - black/light brown stained 21 5/8x21 1/4 """,https://www.ikea.com/us/en/p/taernoe-table-outdoor-black-light-brown-stained-70095429/,Terri,Outdoor table,Great table for patio.,5,4.7,IKEA,ikea.com,6a99f79c-7c60-55bb-a0d3-dbb3521776e1,07/16/22
"T√ÑRN√ñ Table, outdoor - black/light brown stained 21 5/8x21 1/4 """,https://www.ikea.com/us/en/p/taernoe-table-outdoor-black-light-brown-stained-70095429/,LILLIAN,Fit perfectly between the two,Fit perfectly between the two chairs on my deck.,5,4.7,IKEA,ikea.com,6a99f79c-7c60-55bb-a0d3-dbb3521776e1,07/16/22
"T√ÑRN√ñ Table, outdoor - black/light brown stained 21 5/8x21 1/4 """,https://www.ikea.com/us/en/p/taernoe-table-outdoor-black-light-brown-stained-70095429/,Jonathan,Nice,"I love this table. Very simple, yet much nicer than anything else from another store for the same price.",5,4.7,IKEA,ikea.com,6a99f79c-7c60-55bb-a0d3-dbb3521776e1,07/16/22
"T√ÑRN√ñ Table, outdoor - black/light brown stained 21 5/8x21 1/4 """,https://www.ikea.com/us/en/p/taernoe-table-outdoor-black-light-brown-stained-70095429/,Saranne,Looks pricer than what it,Looks pricer than what it cost,5,4.7,IKEA,ikea.com,6a99f79c-7c60-55bb-a0d3-dbb3521776e1,07/16/22
FINNALA Chaise - Tallmyra black/gray,https://www.ikea.com/us/en/p/finnala-chaise-tallmyra-black-gray-s99319301/,RICHARD,Chair,Was easy to assemble and is comfy to sit it. Doesn't take up much room.,5,4.2,IKEA,ikea.com,ba1b5648-064f-5aef-a2fa-e3c88a273cb1,07/16/22
FINNALA Chaise - Tallmyra black/gray,https://www.ikea.com/us/en/p/finnala-chaise-tallmyra-black-gray-s99319301/,Sharon,Perfect set!,"Perfect couch for our movie room, added a headrest and the bin for storage is a bonus!!",5,4.2,IKEA,ikea.com,ba1b5648-064f-5aef-a2fa-e3c88a273cb1,07/16/22
FINNALA Chaise - Tallmyra black/gray,https://www.ikea.com/us/en/p/finnala-chaise-tallmyra-black-gray-s99319301/,Vickie,Colorful and Comfortable,"Really like the pattern on this comfortable chaise. The storage area is really great for throws or pillows that you might want to have handy when enjoying a sit. The padding is firm and the pillow back supportive. However, if you have a bit of a mobility problem, it may be a bit difficult to sit back on and also rise from the chaise. I would recommend a visit to a store if in stock to see if this might be an issue.",4,4.2,IKEA,ikea.com,ba1b5648-064f-5aef-a2fa-e3c88a273cb1,07/16/22
FINNALA Chaise - Tallmyra black/gray,https://www.ikea.com/us/en/p/finnala-chaise-tallmyra-black-gray-s99319301/,Julia,Great chaise,"A little firm, but now that we have had it for about a month it already is breaking in. Easy to put together. Looks great in the space. Appreciate the extra storage area under the chaise.",5,4.2,IKEA,ikea.com,ba1b5648-064f-5aef-a2fa-e3c88a273cb1,07/16/22
FINNALA Chaise - Tallmyra black/gray,https://www.ikea.com/us/en/p/finnala-chaise-tallmyra-black-gray-s99319301/,Ikeamama22,Favorite spot,Love sitting here,5,4.2,IKEA,ikea.com,ba1b5648-064f-5aef-a2fa-e3c88a273cb1,07/16/22
FINNALA Chaise - Tallmyra black/gray,https://www.ikea.com/us/en/p/finnala-chaise-tallmyra-black-gray-s99319301/,AC_Atlanta,"Where""s the Hardware?",I was so happy that Ikea reopened and I rushed to the store and bought this Chaise today. I was very excited to not have to sit on my floor anymore. Unfortunately there was no hardware in the box so now I have furniture but I can't put it together and there's no way to email anyone via the Ikea site so I'm leaving feedback hoping someone is listening. Can anyone help? I'll update this review to be helpful to others once I get it put together.,1,4.2,IKEA,ikea.com,ba1b5648-064f-5aef-a2fa-e3c88a273cb1,07/16/22
"LAGKAPTEN / ALEX Desk - light green/white 47 1/4x23 5/8 """,https://www.ikea.com/us/en/p/lagkapten-alex-desk-light-green-white-s79478367/,SCOTT,Just wish there were markings,Just wish there were markings as to top side of product. I had to disassemble and reassemble because the instructions were a little vague.,5,4.7,IKEA,ikea.com,165b844b-119f-5957-a6de-ebc023fdaf69,07/16/22
"LAGKAPTEN / ALEX Desk - light green/white 47 1/4x23 5/8 """,https://www.ikea.com/us/en/p/lagkapten-alex-desk-light-green-white-s79478367/,Janell,Perfect desk. Using this for,Perfect desk. Using this for my sewing machine. Drawer a perfect for notions,5,4.7,IKEA,ikea.com,165b844b-119f-5957-a6de-ebc023fdaf69,07/16/22
"LAGKAPTEN / ALEX Desk - light green/white 47 1/4x23 5/8 """,https://www.ikea.com/us/en/p/lagkapten-alex-desk-light-green-white-s79478367/,Elisabet,I love my new vanity,"I love my new vanity desk , I have more drawers and space",5,4.7,IKEA,ikea.com,165b844b-119f-5957-a6de-ebc023fdaf69,07/16/22
"LAGKAPTEN / ALEX Desk - light green/white 47 1/4x23 5/8 """,https://www.ikea.com/us/en/p/lagkapten-alex-desk-light-green-white-s79478367/,LISA,Just what I needed,"The Alex box was heavy but it went to gether really easily and the top and legs were a pice of cake. I have not attached them yet, I'm playing with where I want it an so its easier to move without them attached yet!",5,4.7,IKEA,ikea.com,165b844b-119f-5957-a6de-ebc023fdaf69,07/16/22
"LAGKAPTEN / ALEX Desk - light green/white 47 1/4x23 5/8 """,https://www.ikea.com/us/en/p/lagkapten-alex-desk-light-green-white-s79478367/,anna,writing desk,"I love it, it made my room looks much fancier.",5,4.7,IKEA,ikea.com,165b844b-119f-5957-a6de-ebc023fdaf69,07/16/22
"LAGKAPTEN / ALEX Desk - light green/white 47 1/4x23 5/8 """,https://www.ikea.com/us/en/p/lagkapten-alex-desk-light-green-white-s79478367/,Karen,Nice little desk,This is a great desk for the price but parts of it were pretty difficult to put together.,4,4.7,IKEA,ikea.com,165b844b-119f-5957-a6de-ebc023fdaf69,07/16/22
"LAGKAPTEN / ALEX Desk - light green/white 47 1/4x23 5/8 """,https://www.ikea.com/us/en/p/lagkapten-alex-desk-light-green-white-s79478367/,Karen,Perfect size desk,"We were looking for a desk for the bedroom turned office. This was perfect. Although the legs we wanted were out of stock, these are still fine. The Alex drawers are well made and slide flawlessly. A bit time consuming to put together, but the construction was not hard - even for a 60 yr old woman. Very happy with yet another IKEA purchase.",5,4.7,IKEA,ikea.com,165b844b-119f-5957-a6de-ebc023fdaf69,07/16/22
"LAGKAPTEN / ALEX Desk - light green/white 47 1/4x23 5/8 """,https://www.ikea.com/us/en/p/lagkapten-alex-desk-light-green-white-s79478367/,MELANIE,Easy set up and perfect desk!,"This desk is so convenient to have, easy set up and fits perfect!",5,4.7,IKEA,ikea.com,165b844b-119f-5957-a6de-ebc023fdaf69,07/16/22
"LAGKAPTEN / ALEX Desk - light green/white 47 1/4x23 5/8 """,https://www.ikea.com/us/en/p/lagkapten-alex-desk-light-green-white-s79478367/,Melanie,Outstanding Desk,I‚Äôve purchased 2 of these and I couldn‚Äôt be happier. Very easy to put together. If you are looking for an inexpensive solution this is your desk.,5,4.7,IKEA,ikea.com,165b844b-119f-5957-a6de-ebc023fdaf69,07/16/22
"LAGKAPTEN / ALEX Desk - light green/white 47 1/4x23 5/8 """,https://www.ikea.com/us/en/p/lagkapten-alex-desk-light-green-white-s79478367/,Stephen,Nice Desk - Easy to assemble,"Assembly took a couple of hours, but went smoothly, overall. (The only issue I had was of my own doing - I dropped a couple of the mid-sized nuts into the wrong holes and it took a few minutes to dig them back out).",5,4.7,IKEA,ikea.com,165b844b-119f-5957-a6de-ebc023fdaf69,07/16/22
"LAGKAPTEN / ALEX Desk - light green/white 47 1/4x23 5/8 """,https://www.ikea.com/us/en/p/lagkapten-alex-desk-light-green-white-s79478367/,LYNN,Drawer covering not glued,The back of the two smallest drawers plastic covering was not glued down and was rippled. I needed the desk so we just replied but couldn‚Äôt remove the rippled.,3,4.7,IKEA,ikea.com,165b844b-119f-5957-a6de-ebc023fdaf69,07/16/22
"LAGKAPTEN / ALEX Desk - light green/white 47 1/4x23 5/8 """,https://www.ikea.com/us/en/p/lagkapten-alex-desk-light-green-white-s79478367/,Jason,Good Value - PAY ATTENTION TO ORIENTATION,"I bought this desk to use a temporary workspace. However, I think that I'm going to continue to utilize this desk as my permanent workstation. When assembling the desk, pay SPECIAL attention to how the Alex Drawer unit is oriented. Otherwise, you'll be wondering why the drawers don't fit properly.",5,4.7,IKEA,ikea.com,165b844b-119f-5957-a6de-ebc023fdaf69,07/16/22
"LAGKAPTEN / ALEX Desk - light green/white 47 1/4x23 5/8 """,https://www.ikea.com/us/en/p/lagkapten-alex-desk-light-green-white-s79478367/,JUDITH,"One little issue with assembly,","One little issue with assembly, easy to assemble the drawer tower upside down. It is not marked as to top/bottom direction.",5,4.7,IKEA,ikea.com,165b844b-119f-5957-a6de-ebc023fdaf69,07/16/22
"LAGKAPTEN / ALEX Desk - light green/white 47 1/4x23 5/8 """,https://www.ikea.com/us/en/p/lagkapten-alex-desk-light-green-white-s79478367/,Erica,Lagkapten/Alex,Box came with NO hardware! Placed order on 7/10 picked up 7/11 called 7/12 got hardware 7/24 and pieces still missing! It‚Äôs still on the floor in the box cause now I have to wait ANOTHER 14 days for pieces to put it together,2,4.7,IKEA,ikea.com,165b844b-119f-5957-a6de-ebc023fdaf69,07/16/22
"LAGKAPTEN / ALEX Desk - light green/white 47 1/4x23 5/8 """,https://www.ikea.com/us/en/p/lagkapten-alex-desk-light-green-white-s79478367/,DIONYSIA,Love it!,Love it!,5,4.7,IKEA,ikea.com,165b844b-119f-5957-a6de-ebc023fdaf69,07/16/22
"LAGKAPTEN / ALEX Desk - light green/white 47 1/4x23 5/8 """,https://www.ikea.com/us/en/p/lagkapten-alex-desk-light-green-white-s79478367/,Sheila,Perfect size,I bought this desk to use in my nail room and it‚Äôs the perfect size.,5,4.7,IKEA,ikea.com,165b844b-119f-5957-a6de-ebc023fdaf69,07/16/22
"LAGKAPTEN / ALEX Desk - light green/white 47 1/4x23 5/8 """,https://www.ikea.com/us/en/p/lagkapten-alex-desk-light-green-white-s79478367/,MONTINE,Love it.,Love it.,5,4.7,IKEA,ikea.com,165b844b-119f-5957-a6de-ebc023fdaf69,07/16/22
"LAGKAPTEN / ALEX Desk - light green/white 47 1/4x23 5/8 """,https://www.ikea.com/us/en/p/lagkapten-alex-desk-light-green-white-s79478367/,Juan C.,Yes I extremely recommended.,Yes I extremely recommended.,5,4.7,IKEA,ikea.com,165b844b-119f-5957-a6de-ebc023fdaf69,07/16/22
"LAGKAPTEN / ALEX Desk - light green/white 47 1/4x23 5/8 """,https://www.ikea.com/us/en/p/lagkapten-alex-desk-light-green-white-s79478367/,Francis,Excellent!,Love this desk set up! Was easy to put together by myself. Quality product!,5,4.7,IKEA,ikea.com,165b844b-119f-5957-a6de-ebc023fdaf69,07/16/22
"LAGKAPTEN / ALEX Desk - light green/white 47 1/4x23 5/8 """,https://www.ikea.com/us/en/p/lagkapten-alex-desk-light-green-white-s79478367/,Anne,Perfect for home office,Perfect for working from home/use in a craft room! Sturdy and well made!,5,4.7,IKEA,ikea.com,165b844b-119f-5957-a6de-ebc023fdaf69,07/16/22
"SEKTION / MAXIMERA Base cabinet w 3 fronts/4 drawers - white/Havstorp turquoise 30x24x30 """,https://www.ikea.com/us/en/p/sektion-maximera-base-cabinet-w-3-fronts-4-drawers-white-havstorp-turquoise-s99423675/,mary b.,Ikea not what it use to be,"This review is for the Sektion 3 fronts/4 drawers. 
Like other reviews I agree the directions are not correct for where to place the drawer hardware on the frame. If it helps this is what I did.
Starting from the bottom
Drawer #1 row 2 on frame, hardware use bottom middle hole (of the 6 grid) I believe this is actually correct in the instructions
Drawer #2 row 10 on frame top middle hole (of the 6 grid) (Instructions say row 9)
Drawer #3 row 18 on frame top middle hole (of the 6 grid) (Instructions say row 17)
Drawer #4 row 22 on frame top middle hole (of the 6 grid) (Instructions say row 21)

The inside drawer is flexible you could raise or lower the row you put it on. As I have above gives 3.75 inches clearance for each drawer. 

Hopes this helps.

Regarding the quality, AKURUM system Ikea used to have the downgrade in quality is obvious; fronts are cheaper the metal support strip looks terrible if eye level with drawer and the toekick just cheap - terrible",3,4.1,IKEA,ikea.com,826d38b0-1e3d-52b5-b488-c0a55479e269,07/16/22
"SEKTION / MAXIMERA Base cabinet w 3 fronts/4 drawers - white/Havstorp turquoise 30x24x30 """,https://www.ikea.com/us/en/p/sektion-maximera-base-cabinet-w-3-fronts-4-drawers-white-havstorp-turquoise-s99423675/,Kathleen,looks great,looks great,5,4.1,IKEA,ikea.com,826d38b0-1e3d-52b5-b488-c0a55479e269,07/16/22
"SEKTION / MAXIMERA Base cabinet w 3 fronts/4 drawers - white/Havstorp turquoise 30x24x30 """,https://www.ikea.com/us/en/p/sektion-maximera-base-cabinet-w-3-fronts-4-drawers-white-havstorp-turquoise-s99423675/,nanette,I did not buy anything,I did not buy anything I have been trying for 5 months to get the remainder of my cabinets. Your statement says because of covid there is delay getting kitchen cabinets however there is nothing stating how you are going to correct the problem.,1,4.1,IKEA,ikea.com,826d38b0-1e3d-52b5-b488-c0a55479e269,07/16/22
"SEKTION / MAXIMERA Base cabinet w 3 fronts/4 drawers - white/Havstorp turquoise 30x24x30 """,https://www.ikea.com/us/en/p/sektion-maximera-base-cabinet-w-3-fronts-4-drawers-white-havstorp-turquoise-s99423675/,PAUL,Extensive renavation,Extensive renavation,5,4.1,IKEA,ikea.com,826d38b0-1e3d-52b5-b488-c0a55479e269,07/16/22
"SEKTION / MAXIMERA Base cabinet w 3 fronts/4 drawers - white/Havstorp turquoise 30x24x30 """,https://www.ikea.com/us/en/p/sektion-maximera-base-cabinet-w-3-fronts-4-drawers-white-havstorp-turquoise-s99423675/,Holly,"Good, could be better","These cabinets/drawers system are great... however, the darker cabinets really need edge banding in the same color as the drawer fronts available. Although the gap is only 1/8th inch the bright white box frame shows.",3,4.1,IKEA,ikea.com,826d38b0-1e3d-52b5-b488-c0a55479e269,07/16/22
"SEKTION / MAXIMERA Base cabinet w 3 fronts/4 drawers - white/Havstorp turquoise 30x24x30 """,https://www.ikea.com/us/en/p/sektion-maximera-base-cabinet-w-3-fronts-4-drawers-white-havstorp-turquoise-s99423675/,EMILY,Great but Instructions are WRONG,"I spent a weekend building all the cabinets for my new kitchen (total of 12) and this is the only one that had me wanting to smash it to bits with my hammer. The drawer instructions are straight up incorrect. In order to get all three front-facing drawers to close, you have to install some of the drawer faces upside down, change the hole heights, and just trial and error for literally hours. 

Some of the other reviews on here are helpful, but the best piece of advice I have is to not assemble any of the drawers fully until you've put them all in and are sure they fit. So only do the bare minimum to test. Save yourself having to undo and redo a lot of work screwing in the bottom, etc. There are also helpful youtube videos for how to remove the drawer fronts using a screw driver - very easy if you actually see how the mechanism works. Ikea just needs to provide specialized instructions for both the interior drawer and how to get all three panels to fit for this specific cabinet.",4,4.1,IKEA,ikea.com,826d38b0-1e3d-52b5-b488-c0a55479e269,07/16/22
"SEKTION / MAXIMERA Base cabinet w 3 fronts/4 drawers - white/Havstorp turquoise 30x24x30 """,https://www.ikea.com/us/en/p/sektion-maximera-base-cabinet-w-3-fronts-4-drawers-white-havstorp-turquoise-s99423675/,DontWasteYourMoneyHere,Awwwwful,Just moved into a new home that had Ikea kitchen cabinets installed along with the remodeling of the kitchen. We've been here 6 months and they're falling apart. Absolutely ridiculous. Look elsewhere.,1,4.1,IKEA,ikea.com,826d38b0-1e3d-52b5-b488-c0a55479e269,07/16/22
"SEKTION / MAXIMERA Base cabinet w 3 fronts/4 drawers - white/Havstorp turquoise 30x24x30 """,https://www.ikea.com/us/en/p/sektion-maximera-base-cabinet-w-3-fronts-4-drawers-white-havstorp-turquoise-s99423675/,DianeW,Great Drawer Cabinet Value,"This is a good-looking, strong, well-designed cabinet, an incredible value. A little tricky to put together but nice results, All drawers are straight, soft close! nice spacing, looks beautiful in my wet bar/kitchenette.",5,4.1,IKEA,ikea.com,826d38b0-1e3d-52b5-b488-c0a55479e269,07/16/22
"SEKTION / MAXIMERA Base cabinet w 3 fronts/4 drawers - white/Havstorp turquoise 30x24x30 """,https://www.ikea.com/us/en/p/sektion-maximera-base-cabinet-w-3-fronts-4-drawers-white-havstorp-turquoise-s99423675/,ogd58,Must check all before deliver to your destination!,"I bought this Kitchen for export. When I receive all the pieces, two of them are perfectly packing but are remanufactured, shorter and open new holes in this. the two (2) pieces are RINGHULT 302.666.92",4,4.1,IKEA,ikea.com,826d38b0-1e3d-52b5-b488-c0a55479e269,07/16/22
"SEKTION / MAXIMERA Base cabinet w 3 fronts/4 drawers - white/Havstorp turquoise 30x24x30 """,https://www.ikea.com/us/en/p/sektion-maximera-base-cabinet-w-3-fronts-4-drawers-white-havstorp-turquoise-s99423675/,Tamara handywoman7,Kitchen remodel,"Love ‚ù§Ô∏è my new kitchen, highly recommend to anyone to use IKEA cabinets easy to install and put together",5,4.1,IKEA,ikea.com,826d38b0-1e3d-52b5-b488-c0a55479e269,07/16/22
"SEKTION / MAXIMERA Base cabinet w 3 fronts/4 drawers - white/Havstorp turquoise 30x24x30 """,https://www.ikea.com/us/en/p/sektion-maximera-base-cabinet-w-3-fronts-4-drawers-white-havstorp-turquoise-s99423675/,stuberry26,Love IKEA Cabinets!,IKEA Kitchen helpers installed these cabinets in our newly remodeled kitchen last month. I am loving them. They glide open close so softly. I especially like the double drawer feature that allows me to store more of my knick knack kinds of items. Everything has a place now.,5,4.1,IKEA,ikea.com,826d38b0-1e3d-52b5-b488-c0a55479e269,07/16/22
"SEKTION / MAXIMERA Base cabinet w 3 fronts/4 drawers - white/Havstorp turquoise 30x24x30 """,https://www.ikea.com/us/en/p/sektion-maximera-base-cabinet-w-3-fronts-4-drawers-white-havstorp-turquoise-s99423675/,LouLou 1200,Love the hidden drawer. Added dividers to store he,Love the hidden drawer. Added dividers to store herbs and spices next to my stove.,5,4.1,IKEA,ikea.com,826d38b0-1e3d-52b5-b488-c0a55479e269,07/16/22
"SEKTION / MAXIMERA Base cabinet w 3 fronts/4 drawers - white/Havstorp turquoise 30x24x30 """,https://www.ikea.com/us/en/p/sektion-maximera-base-cabinet-w-3-fronts-4-drawers-white-havstorp-turquoise-s99423675/,MommaCondosta,"Classic design, clean look.",Used this as a center island-love the slow close drawers and storage.,5,4.1,IKEA,ikea.com,826d38b0-1e3d-52b5-b488-c0a55479e269,07/16/22
"SEKTION / MAXIMERA Base cabinet w 3 fronts/4 drawers - white/Havstorp turquoise 30x24x30 """,https://www.ikea.com/us/en/p/sektion-maximera-base-cabinet-w-3-fronts-4-drawers-white-havstorp-turquoise-s99423675/,KateRS,Great space!,I have purchased this cabinet for two different kitchen remodels. The grey looks fantastic and the three drawers are incredibly functional. There is so much space in this one cabinet!,5,4.1,IKEA,ikea.com,826d38b0-1e3d-52b5-b488-c0a55479e269,07/16/22
"SEKTION / MAXIMERA Base cabinet w 3 fronts/4 drawers - white/Havstorp turquoise 30x24x30 """,https://www.ikea.com/us/en/p/sektion-maximera-base-cabinet-w-3-fronts-4-drawers-white-havstorp-turquoise-s99423675/,Ronna422,Gorgeous Kitchen!!!,"We recently updated our kitchen with the Sektion shaker style cabinets. Easy to assemble, easy to install and the kitchen looks AMAZING!!!! Great cabinets! Ingenious features. Love it!",5,4.1,IKEA,ikea.com,826d38b0-1e3d-52b5-b488-c0a55479e269,07/16/22
"SEKTION / MAXIMERA Base cabinet w 3 fronts/4 drawers - white/Havstorp turquoise 30x24x30 """,https://www.ikea.com/us/en/p/sektion-maximera-base-cabinet-w-3-fronts-4-drawers-white-havstorp-turquoise-s99423675/,CarlJane,Like it,"Bought several for new house, looks good, works good.",4,4.1,IKEA,ikea.com,826d38b0-1e3d-52b5-b488-c0a55479e269,07/16/22
"SEKTION / MAXIMERA Base cabinet w 3 fronts/4 drawers - white/Havstorp turquoise 30x24x30 """,https://www.ikea.com/us/en/p/sektion-maximera-base-cabinet-w-3-fronts-4-drawers-white-havstorp-turquoise-s99423675/,Tehseen,Bought it for Induction Cooktop,"Front and Back metal re-enforcements introduced in SEKTION cabinets are a very good addition. Especially when your countertop seam happens to fall in the middle of the cabinet. Best part of the top drawer. It lets you use the dead space immediately below the cooktop. Mine is induction, so no heat issues, But I am not sure if the top drawer is too close for a gas or electric coil cooktops. Drawer fronts are very expensive in my opinion. They are painted Particle Board panels with plastic edging. I shall see how they hold after a liquid spillage. My bathroom cabinets drawer fronts bubbled at the bottom when water droplets gathered there. The newer version looks much better. But this time I am saving the receipts in case bubbling happens again.",5,4.1,IKEA,ikea.com,826d38b0-1e3d-52b5-b488-c0a55479e269,07/16/22
"SEKTION / MAXIMERA Base cabinet w 3 fronts/4 drawers - white/Havstorp turquoise 30x24x30 """,https://www.ikea.com/us/en/p/sektion-maximera-base-cabinet-w-3-fronts-4-drawers-white-havstorp-turquoise-s99423675/,Janjohn64,Great cabinet,We have had this installed for approximately 2 months now. No complaints at all. Everyone who has seen our new kitchen loves everything we have completed. We have so much more drawer and counter space than before. We all love the drawer in a drawer.,5,4.1,IKEA,ikea.com,826d38b0-1e3d-52b5-b488-c0a55479e269,07/16/22
"SEKTION / MAXIMERA Base cabinet w 3 fronts/4 drawers - white/Havstorp turquoise 30x24x30 """,https://www.ikea.com/us/en/p/sektion-maximera-base-cabinet-w-3-fronts-4-drawers-white-havstorp-turquoise-s99423675/,Janjohn64,Great cabinet,We have had these installed for about two month now. We are very happy so far. Pretty easy assembly and install. Wipe down nicely after dirty grandchild fingers.,5,4.1,IKEA,ikea.com,826d38b0-1e3d-52b5-b488-c0a55479e269,07/16/22
"SEKTION / MAXIMERA Base cabinet w 3 fronts/4 drawers - white/Havstorp turquoise 30x24x30 """,https://www.ikea.com/us/en/p/sektion-maximera-base-cabinet-w-3-fronts-4-drawers-white-havstorp-turquoise-s99423675/,Katie86,Ok final result but impossible assembly,"Assembling this version of the Sektion, with 4 drawers and 3 fronts, is nearly impossible to do. The instructions available in the packaging and online are not specific to this model, and therefore requires a lot of improvisation and guesswork. Further, the drawer fronts are mislabeled, which leads to rework, disassembly and reassembly. The final product is fine, but it took us, 2 people, about 8 hours to figure this out.",2,4.1,IKEA,ikea.com,826d38b0-1e3d-52b5-b488-c0a55479e269,07/16/22
"SEKTION Base cabinet with 3 drawers - white Maximera/Lerhyttan light gray 15x15x30 """,https://www.ikea.com/us/en/p/sektion-base-cabinet-with-3-drawers-white-maximera-lerhyttan-light-gray-s99273888/,CAROLY,Beautiful !,good quality üëåüëå,5,4.4,IKEA,ikea.com,a9dc6e31-bf9e-5525-ad0f-33cb266faad6,07/16/22
"SEKTION Base cabinet with 3 drawers - white Maximera/Lerhyttan light gray 15x15x30 """,https://www.ikea.com/us/en/p/sektion-base-cabinet-with-3-drawers-white-maximera-lerhyttan-light-gray-s99273888/,Margaux,Love the new cabinets. They,Love the new cabinets. They make storage so much easier.,5,4.4,IKEA,ikea.com,a9dc6e31-bf9e-5525-ad0f-33cb266faad6,07/16/22
"SEKTION Base cabinet with 3 drawers - white Maximera/Lerhyttan light gray 15x15x30 """,https://www.ikea.com/us/en/p/sektion-base-cabinet-with-3-drawers-white-maximera-lerhyttan-light-gray-s99273888/,JAMES,Terrible customer support,"The cabinets are great, but the process of getting them and the lack of comprehension installation instructions makes them worthless",1,4.4,IKEA,ikea.com,a9dc6e31-bf9e-5525-ad0f-33cb266faad6,07/16/22
"SEKTION Base cabinet with 3 drawers - white Maximera/Lerhyttan light gray 15x15x30 """,https://www.ikea.com/us/en/p/sektion-base-cabinet-with-3-drawers-white-maximera-lerhyttan-light-gray-s99273888/,JAINE,beautiful,"The color is lovely, my kitchen looks amazing! As always, ikea products are so perfectly engineered and fun to put together!",5,4.4,IKEA,ikea.com,a9dc6e31-bf9e-5525-ad0f-33cb266faad6,07/16/22
"SEKTION Base cabinet with 3 drawers - white Maximera/Lerhyttan light gray 15x15x30 """,https://www.ikea.com/us/en/p/sektion-base-cabinet-with-3-drawers-white-maximera-lerhyttan-light-gray-s99273888/,JoAnna,Don‚Äôt get a kitchen,From planning to install it was a pain ‚Ä¶and still not right ..but I gave up ‚Ä¶.,1,4.4,IKEA,ikea.com,a9dc6e31-bf9e-5525-ad0f-33cb266faad6,07/16/22
"SEKTION Base cabinet with 3 drawers - white Maximera/Lerhyttan light gray 15x15x30 """,https://www.ikea.com/us/en/p/sektion-base-cabinet-with-3-drawers-white-maximera-lerhyttan-light-gray-s99273888/,KAREN,Dining room buffet!,"Love these cabinets! So much room, slide beautifully, easy to assemble and install! We will never use other cabinets! In fact, we hate the other cabinets in our house!",5,4.4,IKEA,ikea.com,a9dc6e31-bf9e-5525-ad0f-33cb266faad6,07/16/22
"SEKTION Base cabinet with 3 drawers - white Maximera/Lerhyttan light gray 15x15x30 """,https://www.ikea.com/us/en/p/sektion-base-cabinet-with-3-drawers-white-maximera-lerhyttan-light-gray-s99273888/,Cheung,best,This is very well-built cabinet. Well worth the money,5,4.4,IKEA,ikea.com,a9dc6e31-bf9e-5525-ad0f-33cb266faad6,07/16/22
"SEKTION Base cabinet with 3 drawers - white Maximera/Lerhyttan light gray 15x15x30 """,https://www.ikea.com/us/en/p/sektion-base-cabinet-with-3-drawers-white-maximera-lerhyttan-light-gray-s99273888/,Susanne T.,"Don""t buy!!","I'm a huge fan of IKEA, really. I just love IKEA, we have plenty of IKEA furniture in our house. I know it is not West Elm quality but neither is the price. Right now I'm rethinking my relationship with IKEA because auf the kitchen fronts. 
We did a huge kitchen with Axstad fronts last fall, 13 cabinets overall with over 20 drawers and lots of doors. We have grey base cabinets and white uppers. It is IMPOSSIBLE to keep these fronts clean. Even if you clean right away, there will be greasy stains left that are not going away. They will somehow get burned into the surface and you always see them. If you have a dark kitchen with no sunlight, these might be ok but with a sunny kitchen you will ALWAYS see stains and grease. It is disgusting. I cleaned with soap water, detergent, any product you can think of, The stains will NOT GO AWAY. Search the net and you will find plenty of complaints. These fronts are a failure all along from IKEA. DON'T BUY THESE FRONTS!!!",1,4.4,IKEA,ikea.com,a9dc6e31-bf9e-5525-ad0f-33cb266faad6,07/16/22
"SEKTION Base cabinet with 3 drawers - white Maximera/Lerhyttan light gray 15x15x30 """,https://www.ikea.com/us/en/p/sektion-base-cabinet-with-3-drawers-white-maximera-lerhyttan-light-gray-s99273888/,Vanessa,Good Cabinet but alignment is ...,"Bought a couple of these cabinets. My husband and I put them together, but we had to YouTube ""how to"" several times. The one thing that is still a sore eye for us is the bottom drawer isn't aligned. We've done everything and watch every video and nada.",4,4.4,IKEA,ikea.com,a9dc6e31-bf9e-5525-ad0f-33cb266faad6,07/16/22
"SEKTION Base cabinet with 3 drawers - white Maximera/Lerhyttan light gray 15x15x30 """,https://www.ikea.com/us/en/p/sektion-base-cabinet-with-3-drawers-white-maximera-lerhyttan-light-gray-s99273888/,DORTHE,Section drawer cabinet,The 2 identical cabinets had to be put together differently . Holes for drawer tracks in different places for each cabinet,1,4.4,IKEA,ikea.com,a9dc6e31-bf9e-5525-ad0f-33cb266faad6,07/16/22
"SEKTION Base cabinet with 3 drawers - white Maximera/Lerhyttan light gray 15x15x30 """,https://www.ikea.com/us/en/p/sektion-base-cabinet-with-3-drawers-white-maximera-lerhyttan-light-gray-s99273888/,Kirsten,Kitchen Remodel,This piece was a last minute change from original plans. Love how much storage it holds.,5,4.4,IKEA,ikea.com,a9dc6e31-bf9e-5525-ad0f-33cb266faad6,07/16/22
"SEKTION Base cabinet with 3 drawers - white Maximera/Lerhyttan light gray 15x15x30 """,https://www.ikea.com/us/en/p/sektion-base-cabinet-with-3-drawers-white-maximera-lerhyttan-light-gray-s99273888/,AnneIndy,Fantastic drawers.,"The drawers move easily they pull out ALL the way so you can see the back of the drawer. They hold a whole lot of stuff, and the easy close is fantastic.",5,4.4,IKEA,ikea.com,a9dc6e31-bf9e-5525-ad0f-33cb266faad6,07/16/22
"SEKTION Base cabinet with 3 drawers - white Maximera/Lerhyttan light gray 15x15x30 """,https://www.ikea.com/us/en/p/sektion-base-cabinet-with-3-drawers-white-maximera-lerhyttan-light-gray-s99273888/,Jessica_designer123,Chips easily!,"We just added all new cabinets to our kitchen. Unfortunately, the cabinets chip easily and IKEA does not have matching paint to cover the chips.",1,4.4,IKEA,ikea.com,a9dc6e31-bf9e-5525-ad0f-33cb266faad6,07/16/22
UPPLAND Ottoman - Remmarn light gray,https://www.ikea.com/us/en/p/uppland-ottoman-remmarn-light-gray-s59322409/,Theresa,great,great,5,4.6,IKEA,ikea.com,22b27cb9-f36e-56cb-a7d5-8705b86654f6,07/16/22
UPPLAND Ottoman - Remmarn light gray,https://www.ikea.com/us/en/p/uppland-ottoman-remmarn-light-gray-s59322409/,Tamara,"Great deal, love the storage feature","This ottoman is awesome. The storage is great and it is sturdy and attractive. The only thing I would change is to make the cushion a little softer, as it is extremely firm, making it slightly less comfortable than my IKEA sofa. I am hoping it softens up a bit so that it is more comfortable in the long run.",4,4.6,IKEA,ikea.com,22b27cb9-f36e-56cb-a7d5-8705b86654f6,07/16/22
UPPLAND Ottoman - Remmarn light gray,https://www.ikea.com/us/en/p/uppland-ottoman-remmarn-light-gray-s59322409/,Sofia,Great,Great,5,4.6,IKEA,ikea.com,22b27cb9-f36e-56cb-a7d5-8705b86654f6,07/16/22
UPPLAND Ottoman - Remmarn light gray,https://www.ikea.com/us/en/p/uppland-ottoman-remmarn-light-gray-s59322409/,Ashley,Disappointed in Missing Pieces,"My husband and I have been working late nights, so he finally put the ottoman together less than a week ago. When he pulled it out of the box, the large wooden piece that attaches to the bottom was actually broken, and he needed to use tools and screws to attach it. What is worse, is that the ottoman lid does NOT stay on the ottoman at all. I'm pretty sure there were supposed to be four wooden cubes that get attached to the lid to hold it in place. These did not come in the box. It's very frustrating because every time somebody rests their feet on it, the lid slips off.",3,4.6,IKEA,ikea.com,22b27cb9-f36e-56cb-a7d5-8705b86654f6,07/16/22
UPPLAND Ottoman - Remmarn light gray,https://www.ikea.com/us/en/p/uppland-ottoman-remmarn-light-gray-s59322409/,Angie,"Functional, not entirely comfortable",Works but not entirely comfortable. Material easily rips from our dogs. Would only buy again if we didn't have animals who lounge on the furniture.,3,4.6,IKEA,ikea.com,22b27cb9-f36e-56cb-a7d5-8705b86654f6,07/16/22
UPPLAND Ottoman - Remmarn light gray,https://www.ikea.com/us/en/p/uppland-ottoman-remmarn-light-gray-s59322409/,Kymberlie,"It""s nice.","Other than the legs not being black or the height not quite height level to my matching sectional, it works. I am going to add a bit more height to the legs to make it flush with my Uppland sectional. This Ottoman is worth the price.",4,4.6,IKEA,ikea.com,22b27cb9-f36e-56cb-a7d5-8705b86654f6,07/16/22
UPPLAND Ottoman - Remmarn light gray,https://www.ikea.com/us/en/p/uppland-ottoman-remmarn-light-gray-s59322409/,Kristen,Love the storage!,Easy assembly,5,4.6,IKEA,ikea.com,22b27cb9-f36e-56cb-a7d5-8705b86654f6,07/16/22
UPPLAND Ottoman - Remmarn light gray,https://www.ikea.com/us/en/p/uppland-ottoman-remmarn-light-gray-s59322409/,Elizabeth,Easy to assemble,Easy to assemble,5,4.6,IKEA,ikea.com,22b27cb9-f36e-56cb-a7d5-8705b86654f6,07/16/22
UPPLAND Ottoman - Remmarn light gray,https://www.ikea.com/us/en/p/uppland-ottoman-remmarn-light-gray-s59322409/,Ben,"Love this. The color, the","Love this. The color, the quality, the utility of being able to store stuff in it. So simple. Thank you.",5,4.6,IKEA,ikea.com,22b27cb9-f36e-56cb-a7d5-8705b86654f6,07/16/22
UPPLAND Ottoman - Remmarn light gray,https://www.ikea.com/us/en/p/uppland-ottoman-remmarn-light-gray-s59322409/,Lori,Very happy with purchase!,Very happy with purchase!,5,4.6,IKEA,ikea.com,22b27cb9-f36e-56cb-a7d5-8705b86654f6,07/16/22
UPPLAND Ottoman - Remmarn light gray,https://www.ikea.com/us/en/p/uppland-ottoman-remmarn-light-gray-s59322409/,Dorothy,ottoman,Fairly easy ro assemble-top and bottom separate too easily causing some issues for my young grandchildren who jump on it.,4,4.6,IKEA,ikea.com,22b27cb9-f36e-56cb-a7d5-8705b86654f6,07/16/22
UPPLAND Ottoman - Remmarn light gray,https://www.ikea.com/us/en/p/uppland-ottoman-remmarn-light-gray-s59322409/,JEN,Upland‚Äôs Improvement,I have assembled many IKEA Ektorp sofas either for myself or friends. Purchasing the Uppland sectional sofa and ottoman got everyone‚Äôs approval in my family‚Äôs or comfort and smart improvements in the structure as well as the cover.,5,4.6,IKEA,ikea.com,22b27cb9-f36e-56cb-a7d5-8705b86654f6,07/16/22
UPPLAND Ottoman - Remmarn light gray,https://www.ikea.com/us/en/p/uppland-ottoman-remmarn-light-gray-s59322409/,Mary J.,Love all of our Uppland pieces.,"Perfect size ottoman. Larger than I expected. I haven‚Äôt used the storage compartment yet, but think it will be great for blankets.",5,4.6,IKEA,ikea.com,22b27cb9-f36e-56cb-a7d5-8705b86654f6,07/16/22
UPPLAND Ottoman - Remmarn light gray,https://www.ikea.com/us/en/p/uppland-ottoman-remmarn-light-gray-s59322409/,Khizran,Really sturdy,It's very sturdy and comfy to sit or place your feet on. Easy assembly. Storage space is bonus!,5,4.6,IKEA,ikea.com,22b27cb9-f36e-56cb-a7d5-8705b86654f6,07/16/22
UPPLAND Ottoman - Remmarn light gray,https://www.ikea.com/us/en/p/uppland-ottoman-remmarn-light-gray-s59322409/,Karla,I love the look and,"I love the look and size of the ottoman, but it isn't really strong enough to store things. The sides and the bottom of the ottoman do not seem strong enough for any real weight to be placed on it.",5,4.6,IKEA,ikea.com,22b27cb9-f36e-56cb-a7d5-8705b86654f6,07/16/22
UPPLAND Ottoman - Remmarn light gray,https://www.ikea.com/us/en/p/uppland-ottoman-remmarn-light-gray-s59322409/,VERONICA,ottoman X 2,we recently purchased two of the these ottomans. they were easy to put together and attach the slip cover. They store more than I anticipated which was a pleasant surprise. Easy to move around as needed for our families needs,5,4.6,IKEA,ikea.com,22b27cb9-f36e-56cb-a7d5-8705b86654f6,07/16/22
UPPLAND Ottoman - Remmarn light gray,https://www.ikea.com/us/en/p/uppland-ottoman-remmarn-light-gray-s59322409/,Rossie,Very comfortable and elegant!,Very comfortable and elegant!,5,4.6,IKEA,ikea.com,22b27cb9-f36e-56cb-a7d5-8705b86654f6,07/16/22
UPPLAND Ottoman - Remmarn light gray,https://www.ikea.com/us/en/p/uppland-ottoman-remmarn-light-gray-s59322409/,Darlette,I love my new uppland ottoman with its storage compartment,The uppland ottoman is a well-designed piece of furniture that is very comfortable and complementary to the couch and loveseat in the series. I'm getting ready to buy another one right now to go with my chair,5,4.6,IKEA,ikea.com,22b27cb9-f36e-56cb-a7d5-8705b86654f6,07/16/22
UPPLAND Ottoman - Remmarn light gray,https://www.ikea.com/us/en/p/uppland-ottoman-remmarn-light-gray-s59322409/,Cindy,Great but pick up was an issue,"Ottoman is great. Pick up was a problem. I went inside to purchase so to not wait for curbside, but the cover was not on the floor. I had to wait for curbside just for the cover.",4,4.6,IKEA,ikea.com,22b27cb9-f36e-56cb-a7d5-8705b86654f6,07/16/22
UPPLAND Ottoman - Remmarn light gray,https://www.ikea.com/us/en/p/uppland-ottoman-remmarn-light-gray-s59322409/,Penny,Great Loveseat!,"We love our Uppland Loveseat and Ottoman! It‚Äôs the perfect size for our space, easy to put together, and well constructed! Better than we had hoped for!",5,4.6,IKEA,ikea.com,22b27cb9-f36e-56cb-a7d5-8705b86654f6,07/16/22
"BROR Shelving unit - white 33 1/2x15 3/4x74 3/4 """,https://www.ikea.com/us/en/p/bror-shelving-unit-white-s89303956/,Andrea,great for storage but bend easy,from the store to the house this unit bend.,4,4.5,IKEA,ikea.com,5791b401-bfc5-5e3d-a89d-2cb26be368f1,07/16/22
"SEKTION / MAXIMERA Base cabinet w 3 fronts/4 drawers - white Axstad/matte blue 24x24x30 """,https://www.ikea.com/us/en/p/sektion-maximera-base-cabinet-w-3-fronts-4-drawers-white-axstad-matte-blue-s59402514/,mary b.,Ikea not what it use to be,"This review is for the Sektion 3 fronts/4 drawers. 
Like other reviews I agree the directions are not correct for where to place the drawer hardware on the frame. If it helps this is what I did.
Starting from the bottom
Drawer #1 row 2 on frame, hardware use bottom middle hole (of the 6 grid) I believe this is actually correct in the instructions
Drawer #2 row 10 on frame top middle hole (of the 6 grid) (Instructions say row 9)
Drawer #3 row 18 on frame top middle hole (of the 6 grid) (Instructions say row 17)
Drawer #4 row 22 on frame top middle hole (of the 6 grid) (Instructions say row 21)

The inside drawer is flexible you could raise or lower the row you put it on. As I have above gives 3.75 inches clearance for each drawer. 

Hopes this helps.

Regarding the quality, AKURUM system Ikea used to have the downgrade in quality is obvious; fronts are cheaper the metal support strip looks terrible if eye level with drawer and the toekick just cheap - terrible",3,4.1,IKEA,ikea.com,2ea4bb4a-bf66-51d0-9ec0-5ab54cb15849,07/16/22
"SEKTION / MAXIMERA Base cabinet w 3 fronts/4 drawers - white Axstad/matte blue 24x24x30 """,https://www.ikea.com/us/en/p/sektion-maximera-base-cabinet-w-3-fronts-4-drawers-white-axstad-matte-blue-s59402514/,Kathleen,looks great,looks great,5,4.1,IKEA,ikea.com,2ea4bb4a-bf66-51d0-9ec0-5ab54cb15849,07/16/22
"SEKTION / MAXIMERA Base cabinet w 3 fronts/4 drawers - white Axstad/matte blue 24x24x30 """,https://www.ikea.com/us/en/p/sektion-maximera-base-cabinet-w-3-fronts-4-drawers-white-axstad-matte-blue-s59402514/,nanette,I did not buy anything,I did not buy anything I have been trying for 5 months to get the remainder of my cabinets. Your statement says because of covid there is delay getting kitchen cabinets however there is nothing stating how you are going to correct the problem.,1,4.1,IKEA,ikea.com,2ea4bb4a-bf66-51d0-9ec0-5ab54cb15849,07/16/22
"SEKTION / MAXIMERA Base cabinet w 3 fronts/4 drawers - white Axstad/matte blue 24x24x30 """,https://www.ikea.com/us/en/p/sektion-maximera-base-cabinet-w-3-fronts-4-drawers-white-axstad-matte-blue-s59402514/,PAUL,Extensive renavation,Extensive renavation,5,4.1,IKEA,ikea.com,2ea4bb4a-bf66-51d0-9ec0-5ab54cb15849,07/16/22
"SEKTION / MAXIMERA Base cabinet w 3 fronts/4 drawers - white Axstad/matte blue 24x24x30 """,https://www.ikea.com/us/en/p/sektion-maximera-base-cabinet-w-3-fronts-4-drawers-white-axstad-matte-blue-s59402514/,Holly,"Good, could be better","These cabinets/drawers system are great... however, the darker cabinets really need edge banding in the same color as the drawer fronts available. Although the gap is only 1/8th inch the bright white box frame shows.",3,4.1,IKEA,ikea.com,2ea4bb4a-bf66-51d0-9ec0-5ab54cb15849,07/16/22
"SEKTION / MAXIMERA Base cabinet w 3 fronts/4 drawers - white Axstad/matte blue 24x24x30 """,https://www.ikea.com/us/en/p/sektion-maximera-base-cabinet-w-3-fronts-4-drawers-white-axstad-matte-blue-s59402514/,EMILY,Great but Instructions are WRONG,"I spent a weekend building all the cabinets for my new kitchen (total of 12) and this is the only one that had me wanting to smash it to bits with my hammer. The drawer instructions are straight up incorrect. In order to get all three front-facing drawers to close, you have to install some of the drawer faces upside down, change the hole heights, and just trial and error for literally hours. 

Some of the other reviews on here are helpful, but the best piece of advice I have is to not assemble any of the drawers fully until you've put them all in and are sure they fit. So only do the bare minimum to test. Save yourself having to undo and redo a lot of work screwing in the bottom, etc. There are also helpful youtube videos for how to remove the drawer fronts using a screw driver - very easy if you actually see how the mechanism works. Ikea just needs to provide specialized instructions for both the interior drawer and how to get all three panels to fit for this specific cabinet.",4,4.1,IKEA,ikea.com,2ea4bb4a-bf66-51d0-9ec0-5ab54cb15849,07/16/22
"SEKTION / MAXIMERA Base cabinet w 3 fronts/4 drawers - white Axstad/matte blue 24x24x30 """,https://www.ikea.com/us/en/p/sektion-maximera-base-cabinet-w-3-fronts-4-drawers-white-axstad-matte-blue-s59402514/,DontWasteYourMoneyHere,Awwwwful,Just moved into a new home that had Ikea kitchen cabinets installed along with the remodeling of the kitchen. We've been here 6 months and they're falling apart. Absolutely ridiculous. Look elsewhere.,1,4.1,IKEA,ikea.com,2ea4bb4a-bf66-51d0-9ec0-5ab54cb15849,07/16/22
"SEKTION / MAXIMERA Base cabinet w 3 fronts/4 drawers - white Axstad/matte blue 24x24x30 """,https://www.ikea.com/us/en/p/sektion-maximera-base-cabinet-w-3-fronts-4-drawers-white-axstad-matte-blue-s59402514/,DianeW,Great Drawer Cabinet Value,"This is a good-looking, strong, well-designed cabinet, an incredible value. A little tricky to put together but nice results, All drawers are straight, soft close! nice spacing, looks beautiful in my wet bar/kitchenette.",5,4.1,IKEA,ikea.com,2ea4bb4a-bf66-51d0-9ec0-5ab54cb15849,07/16/22
"SEKTION / MAXIMERA Base cabinet w 3 fronts/4 drawers - white Axstad/matte blue 24x24x30 """,https://www.ikea.com/us/en/p/sektion-maximera-base-cabinet-w-3-fronts-4-drawers-white-axstad-matte-blue-s59402514/,ogd58,Must check all before deliver to your destination!,"I bought this Kitchen for export. When I receive all the pieces, two of them are perfectly packing but are remanufactured, shorter and open new holes in this. the two (2) pieces are RINGHULT 302.666.92",4,4.1,IKEA,ikea.com,2ea4bb4a-bf66-51d0-9ec0-5ab54cb15849,07/16/22
"SEKTION / MAXIMERA Base cabinet w 3 fronts/4 drawers - white Axstad/matte blue 24x24x30 """,https://www.ikea.com/us/en/p/sektion-maximera-base-cabinet-w-3-fronts-4-drawers-white-axstad-matte-blue-s59402514/,Tamara handywoman7,Kitchen remodel,"Love ‚ù§Ô∏è my new kitchen, highly recommend to anyone to use IKEA cabinets easy to install and put together",5,4.1,IKEA,ikea.com,2ea4bb4a-bf66-51d0-9ec0-5ab54cb15849,07/16/22
"SEKTION / MAXIMERA Base cabinet w 3 fronts/4 drawers - white Axstad/matte blue 24x24x30 """,https://www.ikea.com/us/en/p/sektion-maximera-base-cabinet-w-3-fronts-4-drawers-white-axstad-matte-blue-s59402514/,stuberry26,Love IKEA Cabinets!,IKEA Kitchen helpers installed these cabinets in our newly remodeled kitchen last month. I am loving them. They glide open close so softly. I especially like the double drawer feature that allows me to store more of my knick knack kinds of items. Everything has a place now.,5,4.1,IKEA,ikea.com,2ea4bb4a-bf66-51d0-9ec0-5ab54cb15849,07/16/22
"SEKTION / MAXIMERA Base cabinet w 3 fronts/4 drawers - white Axstad/matte blue 24x24x30 """,https://www.ikea.com/us/en/p/sektion-maximera-base-cabinet-w-3-fronts-4-drawers-white-axstad-matte-blue-s59402514/,LouLou 1200,Love the hidden drawer. Added dividers to store he,Love the hidden drawer. Added dividers to store herbs and spices next to my stove.,5,4.1,IKEA,ikea.com,2ea4bb4a-bf66-51d0-9ec0-5ab54cb15849,07/16/22
"SEKTION / MAXIMERA Base cabinet w 3 fronts/4 drawers - white Axstad/matte blue 24x24x30 """,https://www.ikea.com/us/en/p/sektion-maximera-base-cabinet-w-3-fronts-4-drawers-white-axstad-matte-blue-s59402514/,MommaCondosta,"Classic design, clean look.",Used this as a center island-love the slow close drawers and storage.,5,4.1,IKEA,ikea.com,2ea4bb4a-bf66-51d0-9ec0-5ab54cb15849,07/16/22
"SEKTION / MAXIMERA Base cabinet w 3 fronts/4 drawers - white Axstad/matte blue 24x24x30 """,https://www.ikea.com/us/en/p/sektion-maximera-base-cabinet-w-3-fronts-4-drawers-white-axstad-matte-blue-s59402514/,KateRS,Great space!,I have purchased this cabinet for two different kitchen remodels. The grey looks fantastic and the three drawers are incredibly functional. There is so much space in this one cabinet!,5,4.1,IKEA,ikea.com,2ea4bb4a-bf66-51d0-9ec0-5ab54cb15849,07/16/22
"SEKTION / MAXIMERA Base cabinet w 3 fronts/4 drawers - white Axstad/matte blue 24x24x30 """,https://www.ikea.com/us/en/p/sektion-maximera-base-cabinet-w-3-fronts-4-drawers-white-axstad-matte-blue-s59402514/,Ronna422,Gorgeous Kitchen!!!,"We recently updated our kitchen with the Sektion shaker style cabinets. Easy to assemble, easy to install and the kitchen looks AMAZING!!!! Great cabinets! Ingenious features. Love it!",5,4.1,IKEA,ikea.com,2ea4bb4a-bf66-51d0-9ec0-5ab54cb15849,07/16/22
"SEKTION / MAXIMERA Base cabinet w 3 fronts/4 drawers - white Axstad/matte blue 24x24x30 """,https://www.ikea.com/us/en/p/sektion-maximera-base-cabinet-w-3-fronts-4-drawers-white-axstad-matte-blue-s59402514/,CarlJane,Like it,"Bought several for new house, looks good, works good.",4,4.1,IKEA,ikea.com,2ea4bb4a-bf66-51d0-9ec0-5ab54cb15849,07/16/22
"SEKTION / MAXIMERA Base cabinet w 3 fronts/4 drawers - white Axstad/matte blue 24x24x30 """,https://www.ikea.com/us/en/p/sektion-maximera-base-cabinet-w-3-fronts-4-drawers-white-axstad-matte-blue-s59402514/,Tehseen,Bought it for Induction Cooktop,"Front and Back metal re-enforcements introduced in SEKTION cabinets are a very good addition. Especially when your countertop seam happens to fall in the middle of the cabinet. Best part of the top drawer. It lets you use the dead space immediately below the cooktop. Mine is induction, so no heat issues, But I am not sure if the top drawer is too close for a gas or electric coil cooktops. Drawer fronts are very expensive in my opinion. They are painted Particle Board panels with plastic edging. I shall see how they hold after a liquid spillage. My bathroom cabinets drawer fronts bubbled at the bottom when water droplets gathered there. The newer version looks much better. But this time I am saving the receipts in case bubbling happens again.",5,4.1,IKEA,ikea.com,2ea4bb4a-bf66-51d0-9ec0-5ab54cb15849,07/16/22
"SEKTION / MAXIMERA Base cabinet w 3 fronts/4 drawers - white Axstad/matte blue 24x24x30 """,https://www.ikea.com/us/en/p/sektion-maximera-base-cabinet-w-3-fronts-4-drawers-white-axstad-matte-blue-s59402514/,Janjohn64,Great cabinet,We have had this installed for approximately 2 months now. No complaints at all. Everyone who has seen our new kitchen loves everything we have completed. We have so much more drawer and counter space than before. We all love the drawer in a drawer.,5,4.1,IKEA,ikea.com,2ea4bb4a-bf66-51d0-9ec0-5ab54cb15849,07/16/22
"SEKTION / MAXIMERA Base cabinet w 3 fronts/4 drawers - white Axstad/matte blue 24x24x30 """,https://www.ikea.com/us/en/p/sektion-maximera-base-cabinet-w-3-fronts-4-drawers-white-axstad-matte-blue-s59402514/,Janjohn64,Great cabinet,We have had these installed for about two month now. We are very happy so far. Pretty easy assembly and install. Wipe down nicely after dirty grandchild fingers.,5,4.1,IKEA,ikea.com,2ea4bb4a-bf66-51d0-9ec0-5ab54cb15849,07/16/22
"SEKTION / MAXIMERA Base cabinet w 3 fronts/4 drawers - white Axstad/matte blue 24x24x30 """,https://www.ikea.com/us/en/p/sektion-maximera-base-cabinet-w-3-fronts-4-drawers-white-axstad-matte-blue-s59402514/,Katie86,Ok final result but impossible assembly,"Assembling this version of the Sektion, with 4 drawers and 3 fronts, is nearly impossible to do. The instructions available in the packaging and online are not specific to this model, and therefore requires a lot of improvisation and guesswork. Further, the drawer fronts are mislabeled, which leads to rework, disassembly and reassembly. The final product is fine, but it took us, 2 people, about 8 hours to figure this out.",2,4.1,IKEA,ikea.com,2ea4bb4a-bf66-51d0-9ec0-5ab54cb15849,07/16/22
"TROFAST Wall storage - light white stained pine 36 5/8x11 3/4 """,https://www.ikea.com/us/en/p/trofast-wall-storage-light-white-stained-pine-20308701/,Nancy,Great storage,"We bought these for my granddaughter and she loves them. Hun just above her desk, she easily finds her markers and small toys. Best of all for me is that it‚Äôs so easy for her to put her things away!",5,4.8,IKEA,ikea.com,da1de145-bf6c-5669-8564-1414d088b1c0,07/16/22
"TROFAST Wall storage - light white stained pine 36 5/8x11 3/4 """,https://www.ikea.com/us/en/p/trofast-wall-storage-light-white-stained-pine-20308701/,Dalia 5,Easy to put together,Bought this to sort my son‚Äôs therapy items and am very pleased with my purchase that I might get another one.,5,4.8,IKEA,ikea.com,da1de145-bf6c-5669-8564-1414d088b1c0,07/16/22
"TROFAST Wall storage - light white stained pine 36 5/8x11 3/4 """,https://www.ikea.com/us/en/p/trofast-wall-storage-light-white-stained-pine-20308701/,elma2179,Very sturdy,Love this storage bin and the plastic cubbies that go with it.,5,4.8,IKEA,ikea.com,da1de145-bf6c-5669-8564-1414d088b1c0,07/16/22
"TROFAST Wall storage - light white stained pine 36 5/8x11 3/4 """,https://www.ikea.com/us/en/p/trofast-wall-storage-light-white-stained-pine-20308701/,Mimi and Paddy,Multiple used,Our master bathroom has a separated toilet room. We purchased one 3 years ago and placed it above the toilet. Just purchased a second one. 12 drawers holds a multiple of bathroom supplies. The pull out drawers are organized and labeled. Seniors we are... and we know where all is!,4,4.8,IKEA,ikea.com,da1de145-bf6c-5669-8564-1414d088b1c0,07/16/22
"TROFAST Wall storage - light white stained pine 36 5/8x11 3/4 """,https://www.ikea.com/us/en/p/trofast-wall-storage-light-white-stained-pine-20308701/,lfmill,Great Quality !,I bought this for my 7 year old granddaughters room. She loves to do crafts. It is perfect for storing all her things. Very sturdy and great quality at a great price.,5,4.8,IKEA,ikea.com,da1de145-bf6c-5669-8564-1414d088b1c0,07/16/22
"TROFAST Wall storage - light white stained pine 36 5/8x11 3/4 """,https://www.ikea.com/us/en/p/trofast-wall-storage-light-white-stained-pine-20308701/,Cruddy,Perfect small storage,"We use this in our entry way for gloves, hats, scarves and leashes. Great solution",5,4.8,IKEA,ikea.com,da1de145-bf6c-5669-8564-1414d088b1c0,07/16/22
"SEKTION Top cab f fridge/freezer w push-op - white/Bodbyn off-white 36x24x10 """,https://www.ikea.com/us/en/p/sektion-top-cab-f-fridge-freezer-w-push-op-white-bodbyn-off-white-s79394829/,Herb,All good,All good,4,4,IKEA,ikea.com,2cfed873-c8a7-5b98-9322-ed3f1b88460f,07/16/22
"SEKTION / MAXIMERA High cabinet w/door & 5 drawers - white/Axstad dark gray 18x24x80 """,https://www.ikea.com/us/en/p/sektion-maximera-high-cabinet-w-door-5-drawers-white-axstad-dark-gray-s99322172/,DiscouragedJohn,Discontinued medium brown- No Discounts,"I bought atleast 2 months ago because they were discontinuing the color I liked. I did my island in current brown color, due to fact did not have enough of medium brown. They also said I could get a discount if item went on sale, But Not the discontinued Medium Brown color- WEIRD Right.",3,3,IKEA,ikea.com,b8932493-056e-5f14-b7e0-d74b9ce1fe17,07/16/22
"S√ñDERHAMN Sectional, 4-seat with chaise - Tonerud gray",https://www.ikea.com/us/en/p/soederhamn-sectional-4-seat-with-chaise-tonerud-gray-s69452117/,danielle g.,Older version was more comfortable!,"We loved our first Soderhamn so much (purchased in 2015) and even passed it on to a family member when we made a long-distance move. We decided to purchase this couch again last year because of how comfortable and beautiful the first one was. We were really sad to find out that the newer version is much less comfortable (the seat cushions are too stiff and the pillows seem like they are a different density than before). The bottom of the couch also used to have a cross support piece that is absent on the new version which allows the new version to sag more. Despite all this disappointment we are keeping the couch since the back pillows are adjustable which is nice when changing seating positions and we plan on adding 3"" upholstery foam to the seats to improve seated comfort. The new cushion cover in Gransel natural is also my dream cover--im glad I waited for Ikea to finally release a cover in a warm color again instead of buying a similar style cover for much more from 3rd party.",3,3.3,IKEA,ikea.com,dc157046-73ba-5930-8441-5cc917bf6248,07/16/22
"S√ñDERHAMN Sectional, 4-seat with chaise - Tonerud gray",https://www.ikea.com/us/en/p/soederhamn-sectional-4-seat-with-chaise-tonerud-gray-s69452117/,Alison M.,Great couch,"Bought this 8 months ago and have used it daily since. Amazing couch. Easy to put together. I love that if I hate the color at any point, I can buy new covers without replacing the entire couch or get a slip cover that never really seems to fit. Honestly, not sure why people say it‚Äôs uncomfortable. It‚Äôs thinner than your average couch, but I take way better naps on this couch than my other one. It‚Äôs so roomy too! More than enough for two people to lay down and two big dogs. The fabric is sensitive to cat nails, but haven't had any issues with the dogs ripping the fabric. Another great reason for being able to purchase the covers separately if one ever gets ruined. The lighter fabric can show stains, so I scotch guarded the couch and haven‚Äôt had any problems since.",5,3.3,IKEA,ikea.com,dc157046-73ba-5930-8441-5cc917bf6248,07/16/22
"S√ñDERHAMN Sectional, 4-seat with chaise - Tonerud gray",https://www.ikea.com/us/en/p/soederhamn-sectional-4-seat-with-chaise-tonerud-gray-s69452117/,KDP87,Good for about a year,"We bought this sofa about 2.5 years ago. It was spacious, light, and quite comfortable, but only for the first year. After that, the seat cushions start losing its thickness, and the way they are zipped makes them shifting around instead of staying in one place. It starts getting uncomfortable for long period of seating. The back cushions don't really support much so it's also quite painful to lean back.",2,3.3,IKEA,ikea.com,dc157046-73ba-5930-8441-5cc917bf6248,07/16/22
"SEKTION / MAXIMERA Base cabinet w 2 doors/3 drawers - white/Voxtorp walnut effect 36x15x30 """,https://www.ikea.com/us/en/p/sektion-maximera-base-cabinet-w-2-doors-3-drawers-white-voxtorp-walnut-effect-s49361873/,Cassandra,Love this cabinet!,This is my favorite cabinet. It hold more and everything is easily accessible. Even the small shelf under the bottom drawer is great for cookie sheets and cutting boards.,5,3.5,IKEA,ikea.com,20e48a4f-a563-5be9-8508-c8d08eb5e911,07/16/22
"SEKTION / MAXIMERA Base cabinet w 2 doors/3 drawers - white/Voxtorp walnut effect 36x15x30 """,https://www.ikea.com/us/en/p/sektion-maximera-base-cabinet-w-2-doors-3-drawers-white-voxtorp-walnut-effect-s49361873/,PHIL,"Product is fine, but not sturdy enough","The 36"" cabinet is too big for the horizontal braces on the top.",2,3.5,IKEA,ikea.com,20e48a4f-a563-5be9-8508-c8d08eb5e911,07/16/22
"BEST√Ö TV storage combination/glass doors - white/Selsviken high gloss/white clear glass 118 1/8x16 1/2x91 """,https://www.ikea.com/us/en/p/besta-tv-storage-combination-glass-doors-white-selsviken-high-gloss-white-clear-glass-s99411093/,ALPHIA,Just get a few strong,Just get a few strong people to assemble,5,5,IKEA,ikea.com,f60f3073-86c2-513d-9b13-ec906ad16bc1,07/16/22
VIDGA Single track set - white,https://www.ikea.com/us/en/p/vidga-single-track-set-white-s49428232/,Lu,Window the best,Great,5,5,IKEA,ikea.com,ee4b1b76-56c3-5285-aa6f-f366447fcefc,07/16/22
VIDGA Single track set - white,https://www.ikea.com/us/en/p/vidga-single-track-set-white-s49428232/,Shawn,Nice low profile and easy to install,I wanted to run curtains from the ceiling and Vidga was perfect. The rod part is nice and sturdy but not heavy. The part to hook onto the ceiling is very easy to handle. And the slidey parts slide smoothly. It's noisy! But smooth.,5,5,IKEA,ikea.com,ee4b1b76-56c3-5285-aa6f-f366447fcefc,07/16/22
"BEST√Ö Wall-mounted cabinet combination - white/Ostvik white/clear glass 23 5/8x16 1/2x15 """,https://www.ikea.com/us/en/p/besta-wall-mounted-cabinet-combination-white-ostvik-white-clear-glass-s19430868/,ERIC,All together yet part of the bigger system,"The combination of case, door, and door hing hardware is a great way to get all the pieces needed in one shot, but this is still a part of the bigger system, so easily expands/adds to the existing installation.",5,5,IKEA,ikea.com,c69807d0-fee2-5ffa-a611-9126290df4eb,07/16/22
"PAX 3 wardrobe frames - black-brown 78 5/8x13 3/4x79 1/4 """,https://www.ikea.com/us/en/p/pax-3-wardrobe-frames-black-brown-s89054909/,David,Great quality product,Love this product,5,5,IKEA,ikea.com,291df225-56f9-5c3d-976c-64e86b17efdb,07/16/22
H√ÑRLANDA Sleeper sofa - Ljungen light green,https://www.ikea.com/us/en/p/haerlanda-sleeper-sofa-ljungen-light-green-s39320369/,Karen,Comfortable?,"After much searching both online and in furniture stores, we finally found a sofa bed that is both comfortable and reasonably priced. I now wish I had started my search at Ikea, which would have saved me time and anguish.",5,4.7,IKEA,ikea.com,f94323a9-9435-5517-99c0-b2e615fe1138,07/16/22
H√ÑRLANDA Sleeper sofa - Ljungen light green,https://www.ikea.com/us/en/p/haerlanda-sleeper-sofa-ljungen-light-green-s39320369/,j,Great sofa,great sofa at great price. easier to assemble than I thought,5,4.7,IKEA,ikea.com,f94323a9-9435-5517-99c0-b2e615fe1138,07/16/22
H√ÑRLANDA Sleeper sofa - Ljungen light green,https://www.ikea.com/us/en/p/haerlanda-sleeper-sofa-ljungen-light-green-s39320369/,STEVEN,Comfortable to sleep. Not as much to sit.,"The mattress is surprisingly comfortable for sleeping, but the couch is much less comfortable for sitting than the non-sleeper version. Good deal for the money though.",4,4.7,IKEA,ikea.com,f94323a9-9435-5517-99c0-b2e615fe1138,07/16/22
"N√ÑSSELKLOCKA Cushion cover - off-white/floral pattern 20x20 """,https://www.ikea.com/us/en/p/naesselklocka-cushion-cover-off-white-floral-pattern-40516469/,Judith,Beautiful and well made.,Nice zippered closure.,5,5,IKEA,ikea.com,cd06bb04-aaed-51a8-80c3-b48165a4dff2,07/16/22
"N√ÑSSELKLOCKA Cushion cover - off-white/floral pattern 20x20 """,https://www.ikea.com/us/en/p/naesselklocka-cushion-cover-off-white-floral-pattern-40516469/,Sandra,Lovely design and fabric!,"Had hoped to be able to order the fabric yardage and redecorate a room using it. Will return pillow because that is no longer an option. No, I don‚Äôt want to use it as an accent piece although it is very attractive!",5,5,IKEA,ikea.com,cd06bb04-aaed-51a8-80c3-b48165a4dff2,07/16/22
"N√ÑSSELKLOCKA Cushion cover - off-white/floral pattern 20x20 """,https://www.ikea.com/us/en/p/naesselklocka-cushion-cover-off-white-floral-pattern-40516469/,PAULINE,Beautiful!,I love this pillow cover! I purchased two & it's a nice addition to my seasonal changes I make to my living room. I will likely purchase other prints to go with my decor. The fabric is great quality & fits my pillows well. I do wish you would make them in some larger sizes & shapes. Rectangular would be great! The cost for the pillow covers were very reasonable & were a great purchase for me!,5,5,IKEA,ikea.com,cd06bb04-aaed-51a8-80c3-b48165a4dff2,07/16/22
"N√ÑSSELKLOCKA Cushion cover - off-white/floral pattern 20x20 """,https://www.ikea.com/us/en/p/naesselklocka-cushion-cover-off-white-floral-pattern-40516469/,DIANE,I love these cheerful pillow,I love these cheerful pillow covers. Soft and durable with a gorgeous floral pattern.,5,5,IKEA,ikea.com,cd06bb04-aaed-51a8-80c3-b48165a4dff2,07/16/22
"N√ÑSSELKLOCKA Cushion cover - off-white/floral pattern 20x20 """,https://www.ikea.com/us/en/p/naesselklocka-cushion-cover-off-white-floral-pattern-40516469/,SHEILA,great colors,great colors,5,5,IKEA,ikea.com,cd06bb04-aaed-51a8-80c3-b48165a4dff2,07/16/22
"N√ÑSSELKLOCKA Cushion cover - off-white/floral pattern 20x20 """,https://www.ikea.com/us/en/p/naesselklocka-cushion-cover-off-white-floral-pattern-40516469/,NANCY,Beautiful brighton up my sofa,Beautiful brighton up my sofa,5,5,IKEA,ikea.com,cd06bb04-aaed-51a8-80c3-b48165a4dff2,07/16/22
"N√ÑSSELKLOCKA Cushion cover - off-white/floral pattern 20x20 """,https://www.ikea.com/us/en/p/naesselklocka-cushion-cover-off-white-floral-pattern-40516469/,Paula,Beautiful pillow cover,"I love IKEA pillow covers! I have four 20x20 pillows and with IKEA pillow covers, I can afford to change them as often as I‚Äôd like! This particular cover is velvety soft and beautiful. It has a zipper closure and is easy to wash.",5,5,IKEA,ikea.com,cd06bb04-aaed-51a8-80c3-b48165a4dff2,07/16/22
"N√ÑSSELKLOCKA Cushion cover - off-white/floral pattern 20x20 """,https://www.ikea.com/us/en/p/naesselklocka-cushion-cover-off-white-floral-pattern-40516469/,Kristy,Beautiful,"I love this pillow cover, I bought it with my sister and put it on my bed and every time I see it I think of her. I hand washed it and hung it to dry and it came out very soft and it‚Äôs so pretty",5,5,IKEA,ikea.com,cd06bb04-aaed-51a8-80c3-b48165a4dff2,07/16/22
"N√ÑSSELKLOCKA Cushion cover - off-white/floral pattern 20x20 """,https://www.ikea.com/us/en/p/naesselklocka-cushion-cover-off-white-floral-pattern-40516469/,Phyllis,Love this pattern.,Love this pattern.,5,5,IKEA,ikea.com,cd06bb04-aaed-51a8-80c3-b48165a4dff2,07/16/22
"N√ÑSSELKLOCKA Cushion cover - off-white/floral pattern 20x20 """,https://www.ikea.com/us/en/p/naesselklocka-cushion-cover-off-white-floral-pattern-40516469/,Karen,Beautiful print and fabric. I,"Beautiful print and fabric. I highly recommend this pillow cover, especially for the spring!",5,5,IKEA,ikea.com,cd06bb04-aaed-51a8-80c3-b48165a4dff2,07/16/22
"N√ÑSSELKLOCKA Cushion cover - off-white/floral pattern 20x20 """,https://www.ikea.com/us/en/p/naesselklocka-cushion-cover-off-white-floral-pattern-40516469/,colleen,Beautiful pattern,"Versatile and beautiful pattern to dress up any sofa or bed. The material has a thin, velvety feel to it.",5,5,IKEA,ikea.com,cd06bb04-aaed-51a8-80c3-b48165a4dff2,07/16/22
P√ÖT√ÖR Espresso coffee beans - organic/UTZ certified/100 % Arabica beans,https://www.ikea.com/us/en/p/patar-espresso-coffee-beans-organic-utz-certified-100-arabica-beans-90324241/,Susan,our fav coffee !!,we grind it daily for our french press :),5,4.6,IKEA,ikea.com,f8ad3c90-dfe1-5d3e-9425-e09436c8a1ba,07/16/22
P√ÖT√ÖR Espresso coffee beans - organic/UTZ certified/100 % Arabica beans,https://www.ikea.com/us/en/p/patar-espresso-coffee-beans-organic-utz-certified-100-arabica-beans-90324241/,Eva,Good stuff!,Good stuff!,5,4.6,IKEA,ikea.com,f8ad3c90-dfe1-5d3e-9425-e09436c8a1ba,07/16/22
P√ÖT√ÖR Espresso coffee beans - organic/UTZ certified/100 % Arabica beans,https://www.ikea.com/us/en/p/patar-espresso-coffee-beans-organic-utz-certified-100-arabica-beans-90324241/,SOPHIA,Excellent coffee,"This is very dark strong but clean finish taste real espresso coffee bean also very cheap compare to high end specialty beans
I bought for my friends and family &for my self- i am Barista.",5,4.6,IKEA,ikea.com,f8ad3c90-dfe1-5d3e-9425-e09436c8a1ba,07/16/22
P√ÖT√ÖR Espresso coffee beans - organic/UTZ certified/100 % Arabica beans,https://www.ikea.com/us/en/p/patar-espresso-coffee-beans-organic-utz-certified-100-arabica-beans-90324241/,Audra,Everyday coffee,This is the only coffee that I keep on hand for everyday use. It works perfectly in my stove top percolator and the fact that it is an espresso keeps me going all day long. I love the taste and the smell. Obsessed. I make IKEA runs just to get this product.,5,4.6,IKEA,ikea.com,f8ad3c90-dfe1-5d3e-9425-e09436c8a1ba,07/16/22
P√ÖT√ÖR Espresso coffee beans - organic/UTZ certified/100 % Arabica beans,https://www.ikea.com/us/en/p/patar-espresso-coffee-beans-organic-utz-certified-100-arabica-beans-90324241/,Dusanka,Great coffee! Thank you for,"Great coffee! Thank you for offering beans, the only way I buy coffee....",5,4.6,IKEA,ikea.com,f8ad3c90-dfe1-5d3e-9425-e09436c8a1ba,07/16/22
P√ÖT√ÖR Espresso coffee beans - organic/UTZ certified/100 % Arabica beans,https://www.ikea.com/us/en/p/patar-espresso-coffee-beans-organic-utz-certified-100-arabica-beans-90324241/,Erin,Makes delicious cold brew,I gave this a try on a whim when I got a new manual cold brew set up. It makes the best cold brew in my opinion. It has a hint of chocolate/mocha to it and is perfect all on its own. I hope it doesn't ever get discontinued because I don't know what else will compare. I even got a bag for my mom to try out since I was raving about this and she just got a cold brew maker.,5,4.6,IKEA,ikea.com,f8ad3c90-dfe1-5d3e-9425-e09436c8a1ba,07/16/22
P√ÖT√ÖR Espresso coffee beans - organic/UTZ certified/100 % Arabica beans,https://www.ikea.com/us/en/p/patar-espresso-coffee-beans-organic-utz-certified-100-arabica-beans-90324241/,Justin,A little,Coffee roast is good taste is a little on the weaker side not too much going on but a clean cup.,4,4.6,IKEA,ikea.com,f8ad3c90-dfe1-5d3e-9425-e09436c8a1ba,07/16/22
P√ÖT√ÖR Espresso coffee beans - organic/UTZ certified/100 % Arabica beans,https://www.ikea.com/us/en/p/patar-espresso-coffee-beans-organic-utz-certified-100-arabica-beans-90324241/,Sonya M.,Didn‚Äôt have a great flavor,Didn‚Äôt have a great flavor and the beans are dry.,3,4.6,IKEA,ikea.com,f8ad3c90-dfe1-5d3e-9425-e09436c8a1ba,07/16/22
P√ÖT√ÖR Espresso coffee beans - organic/UTZ certified/100 % Arabica beans,https://www.ikea.com/us/en/p/patar-espresso-coffee-beans-organic-utz-certified-100-arabica-beans-90324241/,MARIA,Espresso,I use this coffee for espresso drinks and tastes great. You can‚Äôt bit the price!,5,4.6,IKEA,ikea.com,f8ad3c90-dfe1-5d3e-9425-e09436c8a1ba,07/16/22
P√ÖT√ÖR Espresso coffee beans - organic/UTZ certified/100 % Arabica beans,https://www.ikea.com/us/en/p/patar-espresso-coffee-beans-organic-utz-certified-100-arabica-beans-90324241/,Nicole U.,Amazing organic utz certified beans,People are sleeping on IKEA‚Äôs food and beverage. This coffee hands down better then a majority of well know bean subscriptions across the US. I grind my beans daily. Perfect for straight espresso and medium for pour overs. Try it!,5,4.6,IKEA,ikea.com,f8ad3c90-dfe1-5d3e-9425-e09436c8a1ba,07/16/22
P√ÖT√ÖR Espresso coffee beans - organic/UTZ certified/100 % Arabica beans,https://www.ikea.com/us/en/p/patar-espresso-coffee-beans-organic-utz-certified-100-arabica-beans-90324241/,Chau-Wen,quality for the bucks,This whole bean coffee is organic and low price. It satisfies the caffeine urge and budget.,5,4.6,IKEA,ikea.com,f8ad3c90-dfe1-5d3e-9425-e09436c8a1ba,07/16/22
P√ÖT√ÖR Espresso coffee beans - organic/UTZ certified/100 % Arabica beans,https://www.ikea.com/us/en/p/patar-espresso-coffee-beans-organic-utz-certified-100-arabica-beans-90324241/,Mark,espresso beans at a reasonable price,"full, rich flavor. consistent quality. less expensive per pound than many weaker flavored beans.",5,4.6,IKEA,ikea.com,f8ad3c90-dfe1-5d3e-9425-e09436c8a1ba,07/16/22
P√ÖT√ÖR Espresso coffee beans - organic/UTZ certified/100 % Arabica beans,https://www.ikea.com/us/en/p/patar-espresso-coffee-beans-organic-utz-certified-100-arabica-beans-90324241/,Stephanie,I am happily surprised!,This coffee is really yummy. Full bodied and yet not much acid.,5,4.6,IKEA,ikea.com,f8ad3c90-dfe1-5d3e-9425-e09436c8a1ba,07/16/22
P√ÖT√ÖR Espresso coffee beans - organic/UTZ certified/100 % Arabica beans,https://www.ikea.com/us/en/p/patar-espresso-coffee-beans-organic-utz-certified-100-arabica-beans-90324241/,LEATTA,I love this coffee! It,"I love this coffee! It is whole bean, but that is my preference.
I prefer to mix beans, to suit my taste.",5,4.6,IKEA,ikea.com,f8ad3c90-dfe1-5d3e-9425-e09436c8a1ba,07/16/22
P√ÖT√ÖR Espresso coffee beans - organic/UTZ certified/100 % Arabica beans,https://www.ikea.com/us/en/p/patar-espresso-coffee-beans-organic-utz-certified-100-arabica-beans-90324241/,Rajasree D,Wonderful taste,"Pleasantly surprised. It is so good. Very handsomely priced. Hopefully, IKEA won‚Äôt change anything about this product.",5,4.6,IKEA,ikea.com,f8ad3c90-dfe1-5d3e-9425-e09436c8a1ba,07/16/22
P√ÖT√ÖR Espresso coffee beans - organic/UTZ certified/100 % Arabica beans,https://www.ikea.com/us/en/p/patar-espresso-coffee-beans-organic-utz-certified-100-arabica-beans-90324241/,LMLR,Good deal.,Love that they it is organic.,4,4.6,IKEA,ikea.com,f8ad3c90-dfe1-5d3e-9425-e09436c8a1ba,07/16/22
P√ÖT√ÖR Espresso coffee beans - organic/UTZ certified/100 % Arabica beans,https://www.ikea.com/us/en/p/patar-espresso-coffee-beans-organic-utz-certified-100-arabica-beans-90324241/,22 VOL Robin,Great tasting coffee works perfect in my espresso,Great tasting coffee works perfect in my espresso maker. Very rich nice flavor can‚Äôt beat the price,5,4.6,IKEA,ikea.com,f8ad3c90-dfe1-5d3e-9425-e09436c8a1ba,07/16/22
P√ÖT√ÖR Espresso coffee beans - organic/UTZ certified/100 % Arabica beans,https://www.ikea.com/us/en/p/patar-espresso-coffee-beans-organic-utz-certified-100-arabica-beans-90324241/,Rusbowler,good coffee,"Pretty decent coffee. Is it the best and the freshest coffee I've ever had? No. Not by a long shot. But, pound for pound, dollar for dollar, this is good stuff for the price.",4,4.6,IKEA,ikea.com,f8ad3c90-dfe1-5d3e-9425-e09436c8a1ba,07/16/22
"BEGRIPA Handle - turquoise/half-round 5 1/8 """,https://www.ikea.com/us/en/p/begripa-handle-turquoise-half-round-00446124/,william,Cute,I like the quality and the look.,4,4.2,IKEA,ikea.com,92d69e22-9947-58dc-969f-e1e8af689bdf,07/16/22
"BEGRIPA Handle - turquoise/half-round 5 1/8 """,https://www.ikea.com/us/en/p/begripa-handle-turquoise-half-round-00446124/,Dallie,Nice,Love the size and ease of use,5,4.2,IKEA,ikea.com,92d69e22-9947-58dc-969f-e1e8af689bdf,07/16/22
"BEGRIPA Handle - turquoise/half-round 5 1/8 """,https://www.ikea.com/us/en/p/begripa-handle-turquoise-half-round-00446124/,Hannah,Easy install,Super easy install and easy for our daughter to use!,5,4.2,IKEA,ikea.com,92d69e22-9947-58dc-969f-e1e8af689bdf,07/16/22
"BEGRIPA Handle - turquoise/half-round 5 1/8 """,https://www.ikea.com/us/en/p/begripa-handle-turquoise-half-round-00446124/,KAREN,Goes nicely in my kitchen,Goes nicely in my kitchen,5,4.2,IKEA,ikea.com,92d69e22-9947-58dc-969f-e1e8af689bdf,07/16/22
"BEGRIPA Handle - turquoise/half-round 5 1/8 """,https://www.ikea.com/us/en/p/begripa-handle-turquoise-half-round-00446124/,LESLIE,You have to make your own holes,You have to make your own holes to use these door handles on the kids wardrobe. I honestly don't like it because you have to be very careful if not you have crooked handles and holes that cannot be erased. Not even ikea assembly specialist can get it right. There is absolutely no guidance.,1,4.2,IKEA,ikea.com,92d69e22-9947-58dc-969f-e1e8af689bdf,07/16/22
"BEGRIPA Handle - turquoise/half-round 5 1/8 """,https://www.ikea.com/us/en/p/begripa-handle-turquoise-half-round-00446124/,KATAOON,Love it,Love it,5,4.2,IKEA,ikea.com,92d69e22-9947-58dc-969f-e1e8af689bdf,07/16/22
